"screening_id","source_db","query_id","accession","title","url","search_date","decision","exclusion_reason","notes","screened_by","screening_round"
"SCR00001","bioproject","BP_Q1","PRJNA1445107","Alterations in Gut Brain Axis Metabolites and Behavioral Performance Following TABAM Intervention in Children with Autism: A Pilot Study","https://www.ncbi.nlm.nih.gov/bioproject/PRJNA1445107","2026-04-02","include","","TABAM integrative intervention vs conventional therapy in ASD children; gut metabolites and microbiota","screening_agent","1"
"SCR00002","bioproject","BP_Q1","PRJNA1432034","Gut Microbiome Changes Following Antibiotic Treatment in a Maternal Immune Activation Model","https://www.ncbi.nlm.nih.gov/bioproject/PRJNA1432034","2026-04-02","exclude","non_human","Organism=mouse gut metagenome; animal model study","screening_agent","1"
"SCR00003","bioproject","BP_Q1","PRJEB108563","Autism Spectrum Disorder -UCLA","https://www.ncbi.nlm.nih.gov/bioproject/PRJEB108563","2026-04-02","include","","UCLA ASD gut-microbiome-brain-behavior study; characterization of dysbiosis in ASD children","screening_agent","1"
"SCR00004","bioproject","BP_Q1","PRJNA1425957","Analysis of microbial diversity and function on ASD gut microbiota","https://www.ncbi.nlm.nih.gov/bioproject/PRJNA1425957","2026-04-02","include","","Longitudinal probiotic supplementation in 25 ASD children; pre/post gut microbiome diversity analysis","screening_agent","1"
"SCR00005","bioproject","BP_Q1","PRJNA1406237","Mouse Autism Research","https://www.ncbi.nlm.nih.gov/bioproject/PRJNA1406237","2026-04-02","exclude","non_human","Animal model study based on title/description","screening_agent","1"
"SCR00006","bioproject","BP_Q1","PRJNA1393140","Gut microbiota and its association with gastrointestinal symptoms and pharmacological treatments in a sibling-matched cohort with autism spectrum disorder in Uruguay","https://www.ncbi.nlm.nih.gov/bioproject/PRJNA1393140","2026-04-02","include","","","screening_agent","1"
"SCR00007","bioproject","BP_Q1","PRJDB38329","Construction and Applications of Synthetic Gut Microbiota (PRJCA020304)","https://www.ncbi.nlm.nih.gov/bioproject/PRJDB38329","2026-04-02","include","","Human gut microbiota of individuals with autism via multi-omics; includes controls","screening_agent","1"
"SCR00008","bioproject","BP_Q1","PRJDB38518","Human gut virome (PRJCA034040)","https://www.ncbi.nlm.nih.gov/bioproject/PRJDB38518","2026-04-02","include","","","screening_agent","1"
"SCR00009","bioproject","BP_Q1","PRJNA1377943","Dissecting the gut microbiome in multiplex autism spectrum disorder families","https://www.ncbi.nlm.nih.gov/bioproject/PRJNA1377943","2026-04-02","include","","Shotgun metagenomic sequencing of 429 children across different ASD family types","screening_agent","1"
"SCR00010","bioproject","BP_Q1","PRJNA1374197","Primate gut microbiota induce evolutionarily salient changes in mouse neurodevelopment","https://www.ncbi.nlm.nih.gov/bioproject/PRJNA1374197","2026-04-02","exclude","non_human","Organism=Mus musculus; animal model study","screening_agent","1"
"SCR00011","bioproject","BP_Q1","PRJNA1368445","16s RNA sequencing","https://www.ncbi.nlm.nih.gov/bioproject/PRJNA1368445","2026-04-02","exclude","non_human","Animal model study based on title/description","screening_agent","1"
"SCR00012","bioproject","BP_Q1","PRJDB36519","The Mechanistic Study of Exercise Amelioration of Autism through Vagus Nerve-Mediated Gut-Brain Axis Pathway (PRJCA039016)","https://www.ncbi.nlm.nih.gov/bioproject/PRJDB36519","2026-04-02","exclude","non_human","Organism=rat gut metagenome; animal model study","screening_agent","1"
"SCR00013","bioproject","BP_Q1","PRJDB37625","Isolation and genetic analysis of a gut bacterial strain with high GABA production capacity","https://www.ncbi.nlm.nih.gov/bioproject/PRJDB37625","2026-04-02","exclude","non_human","Organism=Enterococcus gallinarum; animal model study","screening_agent","1"
"SCR00014","bioproject","BP_Q1","PRJNA1327885","Autism-Microbiota","https://www.ncbi.nlm.nih.gov/bioproject/PRJNA1327885","2026-04-02","include","","","screening_agent","1"
"SCR00015","bioproject","BP_Q1","PRJNA1322369","Human viral metagenome","https://www.ncbi.nlm.nih.gov/bioproject/PRJNA1322369","2026-04-02","include","","Viral metagenome in feces from ASD and healthy children; virome as part of gut microbiome","screening_agent","1"
"SCR00016","bioproject","BP_Q1","PRJNA1307800","Gut microbiota","https://www.ncbi.nlm.nih.gov/bioproject/PRJNA1307800","2026-04-02","exclude","non_human","Animal model study based on title/description","screening_agent","1"
"SCR00017","bioproject","BP_Q1","PRJNA1307773","Metagenomic data on adolescents with autism spectrum disorder","https://www.ncbi.nlm.nih.gov/bioproject/PRJNA1307773","2026-04-02","include","","","screening_agent","1"
"SCR00018","bioproject","BP_Q1","PRJNA1304930","SPIND","https://www.ncbi.nlm.nih.gov/bioproject/PRJNA1304930","2026-04-02","exclude","no_control_group","Round 2: FMT clinical trial; 124 ASD samples + donors; no healthy/TD control group","screening_agent","2"
"SCR00019","bioproject","BP_Q1","PRJEB78344","Efficacy and safety of BF839 for pediatric ASD","https://www.ncbi.nlm.nih.gov/bioproject/PRJEB78344","2026-04-02","exclude","not_microbiome_sequencing","No evidence of microbiome sequencing in title or description","screening_agent","1"
"SCR00020","bioproject","BP_Q1","PRJNA1280289","Gut Microbiota Composition and Phylogenetic Analysis in Autism Spectrum Disorder: A Comparative Study","https://www.ncbi.nlm.nih.gov/bioproject/PRJNA1280289","2026-04-02","include","","ASD vs control SCFA/microbiota study; comparative design confirmed by title","screening_agent","1"
"SCR00021","bioproject","BP_Q1","PRJNA1277165","Gut Microbiota and Urine Metabolomics Signature in Autism Spectrum Disorder children from Southern China","https://www.ncbi.nlm.nih.gov/bioproject/PRJNA1277165","2026-04-02","include","","Cohort of 88 participants; gut microbiota 16S rRNA in ASD from Southern China","screening_agent","1"
"SCR00022","bioproject","BP_Q1","PRJNA1274925","Gut microbiota diversity is altered in a sex-dependent manner in Shank3B heterozygote mice","https://www.ncbi.nlm.nih.gov/bioproject/PRJNA1274925","2026-04-02","exclude","non_human","Animal model study based on title/description","screening_agent","1"
"SCR00023","bioproject","BP_Q1","PRJNA1274164","A novel synbiotic (SCM06) for anxiety and sensory hyperresponsiveness in children with autism spectrum disorder: an open-label pilot study","https://www.ncbi.nlm.nih.gov/bioproject/PRJNA1274164","2026-04-02","include","","SCM06 synbiotic open-label pilot in 30 ASD children; pre/post microbiome analysis","screening_agent","1"
"SCR00024","bioproject","BP_Q1","PRJNA1273679","Exploring the Role of Gut Microbiota and Metabolomic Changes on Singing in Zebra Finches","https://www.ncbi.nlm.nih.gov/bioproject/PRJNA1273679","2026-04-02","exclude","non_human","Animal model study based on title/description","screening_agent","1"
"SCR00025","bioproject","BP_Q1","PRJNA1273336","Gut Microbiota Characteristics and the Efficacy of Fecal Microbiota Transplantation in Children with Autism Spectrum Disorder in Central China: A Cross-sectional and Prospective Combined Study","https://www.ncbi.nlm.nih.gov/bioproject/PRJNA1273336","2026-04-02","include","","","screening_agent","1"
"SCR00026","bioproject","BP_Q1","PRJNA1268144","16S rRNA sequencing of BTBR mice","https://www.ncbi.nlm.nih.gov/bioproject/PRJNA1268144","2026-04-02","exclude","non_human","16S rRNA sequencing of BTBR mice; mouse ASD model","screening_agent","1"
"SCR00027","bioproject","BP_Q1","PRJNA1258689","Exploring the Role of Gut Microbiota and Metabolomic Changes on Singing in Zebra Finches","https://www.ncbi.nlm.nih.gov/bioproject/PRJNA1258689","2026-04-02","exclude","non_human","Animal model study based on title/description","screening_agent","1"
"SCR00028","bioproject","BP_Q1","PRJNA1250271","Genomic Sequencing of Fecal Isolates from Autistic or Healthy Children","https://www.ncbi.nlm.nih.gov/bioproject/PRJNA1250271","2026-04-02","exclude","not_microbiome_sequencing","Genomic sequencing of fecal bacterial isolates; not community microbiome profiling","screening_agent","1"
"SCR00029","bioproject","BP_Q1","PRJNA1249993","Gut Microbiota Modulation by FMT Rescues Autism-like Phenotypes and Prefrontal E/I Imbalance in ASD Mice","https://www.ncbi.nlm.nih.gov/bioproject/PRJNA1249993","2026-04-02","exclude","non_human","Animal model study based on title/description","screening_agent","1"
"SCR00030","bioproject","BP_Q1","PRJDB15271","The Gut Microbiota Regulates Autism-like Behavior by Mediating Synaptic Loss and Microbiota-Derived Metabolite in CLC4 KO mice","https://www.ncbi.nlm.nih.gov/bioproject/PRJDB15271","2026-04-02","exclude","non_human","Organism=mouse gut metagenome; animal model study","screening_agent","1"
"SCR00031","bioproject","BP_Q1","PRJNA1222609","Comprehensive analysis of gut microbiota and fecal metabolites in patients with autism spectrum disorder","https://www.ncbi.nlm.nih.gov/bioproject/PRJNA1222609","2026-04-02","include","","34 ASD patients and 18 healthy controls; long-read 16S rRNA + metabolomics","screening_agent","1"
"SCR00032","bioproject","BP_Q1","PRJNA1207206","Gut microbiota diversity and composition in children with autism spectrum disorder","https://www.ncbi.nlm.nih.gov/bioproject/PRJNA1207206","2026-04-02","include","","","screening_agent","1"
"SCR00033","bioproject","BP_Q1","PRJNA1199347","Gut microbiota in children with autism","https://www.ncbi.nlm.nih.gov/bioproject/PRJNA1199347","2026-04-02","include","","Gut microbiota changes in autistic children after WMT treatment","screening_agent","1"
"SCR00034","bioproject","BP_Q1","PRJEB81554","Project 3 3XTG Aim 1-Alzheimers Gut Microbiome Project","https://www.ncbi.nlm.nih.gov/bioproject/PRJEB81554","2026-04-02","exclude","not_asd","No explicit ASD/autism phenotype in title or description","screening_agent","1"
"SCR00035","bioproject","BP_Q1","PRJEB81553","Project 3 5XFAD Aim 1-Alzheimers Gut Microbiome Project","https://www.ncbi.nlm.nih.gov/bioproject/PRJEB81553","2026-04-02","exclude","not_asd","No explicit ASD/autism phenotype in title or description","screening_agent","1"
"SCR00036","bioproject","BP_Q1","PRJNA1163059","ads","https://www.ncbi.nlm.nih.gov/bioproject/PRJNA1163059","2026-04-02","exclude","other","Placeholder record (title='ads', description='asd'); insufficient information","screening_agent","1"
"SCR00037","bioproject","BP_Q1","PRJNA1155863","Metataxonomic and immunological analysis of feces from chil-dren with or without Phelan-McDermid syndrome","https://www.ncbi.nlm.nih.gov/bioproject/PRJNA1155863","2026-04-02","include","","Phelan-McDermid syndrome (with ASD-like behaviors) fecal microbiota vs healthy controls","screening_agent","1"
"SCR00038","bioproject","BP_Q1","PRJEB79246","High-throughput workflow for cultivation and functional characterization of novel gut microbiota strains with metabolic signatures associated with gut-brain communication","https://www.ncbi.nlm.nih.gov/bioproject/PRJEB79246","2026-04-02","exclude","no_control_group","No mention of control/comparison group in description","screening_agent","1"
"SCR00039","bioproject","BP_Q1","PRJNA1141738","Metagenomics of fecal microbiota in children with ASD","https://www.ncbi.nlm.nih.gov/bioproject/PRJNA1141738","2026-04-02","include","","Fecal metagenomics in ASD children; gut microbial dysbiosis associations","screening_agent","1"
"SCR00040","bioproject","BP_Q1","PRJNA1136218","Correction of batch effect in gut microbiota profiling of ASD cohorts from different geographical origin","https://www.ncbi.nlm.nih.gov/bioproject/PRJNA1136218","2026-04-02","include","","Batch effect correction for ASD cohort microbiota profiling; reanalysis/methods study","screening_agent","1"
"SCR00041","bioproject","BP_Q1","PRJNA1133783","Alteration of gut microbial ecology by direct activation of the brain: inverse gut-microbiome-brain dynamics","https://www.ncbi.nlm.nih.gov/bioproject/PRJNA1133783","2026-04-02","exclude","not_asd","Brain-to-gut microbiome modulation study; no ASD phenotype, general neuroscience","screening_agent","1"
"SCR00042","bioproject","BP_Q1","PRJNA1121380","Colombian Children gut microbiota","https://www.ncbi.nlm.nih.gov/bioproject/PRJNA1121380","2026-04-02","include","","","screening_agent","1"
"SCR00043","bioproject","BP_Q1","PRJNA1116522","Changes in tongue-coating microbiota and its predictive role in treatment outcomes following washed microbiota transplantation in children with autism","https://www.ncbi.nlm.nih.gov/bioproject/PRJNA1116522","2026-04-02","include","","Tongue-coating and gut microbiota changes pre/post washed microbiota transplantation in ASD children","screening_agent","1"
"SCR00044","bioproject","BP_Q1","PRJNA1112427","Effects of low FODMAP diet and probiotics on behavioral problems and gut microbiota in children with autism spectrum disorder.","https://www.ncbi.nlm.nih.gov/bioproject/PRJNA1112427","2026-04-02","include","","Low FODMAP diet and probiotics effects on gut microbiota and behavior in ASD children","screening_agent","1"
"SCR00045","bioproject","BP_Q1","PRJNA1103839","Gut microbiota Autism espectrum disorder and neurotypical children","https://www.ncbi.nlm.nih.gov/bioproject/PRJNA1103839","2026-04-02","include","","","screening_agent","1"
"SCR00046","bioproject","BP_Q1","PRJNA1103334","Integrated analysis of metabolome and microbiome in a mouse model of sodium valproate-induced autism","https://www.ncbi.nlm.nih.gov/bioproject/PRJNA1103334","2026-04-02","exclude","non_human","Animal model study based on title/description","screening_agent","1"
"SCR00047","bioproject","BP_Q1","PRJNA1090096","ASD and Microbiota","https://www.ncbi.nlm.nih.gov/bioproject/PRJNA1090096","2026-04-02","include","","","screening_agent","1"
"SCR00048","bioproject","BP_Q1","PRJNA1088255","Mapping the Geographical Distribution of the Mucosa-Associated Gut Microbiome in GI-Symptomatic Children with Autism","https://www.ncbi.nlm.nih.gov/bioproject/PRJNA1088255","2026-04-02","include","","","screening_agent","1"
"SCR00049","bioproject","BP_Q1","PRJNA1085546","stool sample from ASD children's gut Raw sequence reads","https://www.ncbi.nlm.nih.gov/bioproject/PRJNA1085546","2026-04-02","exclude","no_control_group","Round 2: 123 stool samples all ASD children; no control/TD samples in SRA","screening_agent","2"
"SCR00050","bioproject","BP_Q1","PRJNA1083497","Supplier-origin microbiome affect host behavior and growth of an autism mouse model","https://www.ncbi.nlm.nih.gov/bioproject/PRJNA1083497","2026-04-02","exclude","non_human","Animal model study based on title/description","screening_agent","1"
"SCR00051","bioproject","BP_Q1","PRJNA1080644","gut metagenome from mouse feces Raw sequence reads","https://www.ncbi.nlm.nih.gov/bioproject/PRJNA1080644","2026-04-02","exclude","non_human","Animal model study based on title/description","screening_agent","1"
"SCR00052","bioproject","BP_Q1","PRJNA1077343","Homo sapiens Raw sequence reads","https://www.ncbi.nlm.nih.gov/bioproject/PRJNA1077343","2026-04-02","include","","","screening_agent","1"
"SCR00053","bioproject","BP_Q1","PRJNA1057995","Analysis of the gut virome in children with autism","https://www.ncbi.nlm.nih.gov/bioproject/PRJNA1057995","2026-04-02","include","","","screening_agent","1"
"SCR00054","bioproject","BP_Q1","PRJNA1056406","microbiota profile of 16p11.2 microduplication (dp) mouse","https://www.ncbi.nlm.nih.gov/bioproject/PRJNA1056406","2026-04-02","exclude","non_human","16p11.2 microduplication mouse model; mouse study","screening_agent","1"
"SCR00055","bioproject","BP_Q1","PRJNA1047541","Gut microbiota of children with ASD","https://www.ncbi.nlm.nih.gov/bioproject/PRJNA1047541","2026-04-02","include","","FMT in children with ASD; microbiota transplantation study","screening_agent","1"
"SCR00056","bioproject","BP_Q1","PRJEB60702","L. reuteri RCT for children with ASD","https://www.ncbi.nlm.nih.gov/bioproject/PRJEB60702","2026-04-02","exclude","no_control_group","No mention of control/comparison group in description","screening_agent","1"
"SCR00057","bioproject","BP_Q1","PRJNA1046699","Homo sapiens Raw sequence reads","https://www.ncbi.nlm.nih.gov/bioproject/PRJNA1046699","2026-04-02","include","","","screening_agent","1"
"SCR00058","bioproject","BP_Q1","PRJNA1046003","Microbiome AI decision-making: Autism Spectrum Disorder in children from Bosnia and Herzegovina","https://www.ncbi.nlm.nih.gov/bioproject/PRJNA1046003","2026-04-02","include","","","screening_agent","1"
"SCR00059","bioproject","BP_Q1","PRJNA1038701","Gut-brain axis: role of the gut microbiota in the effects induced by cocaine","https://www.ncbi.nlm.nih.gov/bioproject/PRJNA1038701","2026-04-02","exclude","not_asd","Cocaine/gut-brain axis study in rats; autism mentioned tangentially","screening_agent","1"
"SCR00060","bioproject","BP_Q1","PRJNA1022818","ASD soil metagenome","https://www.ncbi.nlm.nih.gov/bioproject/PRJNA1022818","2026-04-02","exclude","not_asd","Organism=soil metagenome; not an ASD/autism study","screening_agent","1"
"SCR00061","bioproject","BP_Q1","PRJNA1022510","Bacteroides is increased in an autism cohort and induces autismrelevant behavioral changes in mice in a sex-dependent manner","https://www.ncbi.nlm.nih.gov/bioproject/PRJNA1022510","2026-04-02","include","","","screening_agent","1"
"SCR00062","bioproject","BP_Q1","PRJNA1018910","Therapeutic efficacy of Sulforaphane in autism spectrum disorders and its association with gut microbiota: animal model and human longitudinal studies","https://www.ncbi.nlm.nih.gov/bioproject/PRJNA1018910","2026-04-02","exclude","non_human","Animal model study based on title/description","screening_agent","1"
"SCR00063","bioproject","BP_Q1","PRJNA1018541","Therapeutic efficacy of Sulforaphane in autism spectrum disorders and its association with gut microbiota: animal model and human longitudinal studies","https://www.ncbi.nlm.nih.gov/bioproject/PRJNA1018541","2026-04-02","exclude","non_human","Animal model study based on title/description","screening_agent","1"
"SCR00064","bioproject","BP_Q1","PRJNA1010504","human gut Raw sequence reads","https://www.ncbi.nlm.nih.gov/bioproject/PRJNA1010504","2026-04-02","exclude","no_public_data_link","Round 2: BioProject has 0 SRA experiments; no public data linked","screening_agent","2"
"SCR00065","bioproject","BP_Q1","PRJEB59338","Tool for screening the risk of dysbiosis and characterizing the healthy and diseased intestinal microbiota","https://www.ncbi.nlm.nih.gov/bioproject/PRJEB59338","2026-04-02","exclude","not_asd","No explicit ASD/autism phenotype in title or description","screening_agent","1"
"SCR00066","bioproject","BP_Q1","PRJNA994009","Enhanced methane yield in anaerobic digestion of food waste by mixing Baijiu pit mud and anaerobic digester sludge as inoculum: Methane production enhancement and microbial mechanism","https://www.ncbi.nlm.nih.gov/bioproject/PRJNA994009","2026-04-02","exclude","not_asd","Food waste anaerobic digestion study, not autism-related","screening_agent","1"
"SCR00067","bioproject","BP_Q1","PRJNA988151","Introduction: Nutrition and gut microbiota play a fundamental role in human health and various conditions such as Autism Spectrum Disorder (ASD). Children with ASD may have a restrictive diet due to increased sensory sensitivity or adherence to a glu","https://www.ncbi.nlm.nih.gov/bioproject/PRJNA988151","2026-04-02","include","","35 ASD and 30 TD children; cross-sectional gut microbiota + nutrition study","screening_agent","1"
"SCR00068","bioproject","BP_Q1","PRJEB62437","Autism cohort","https://www.ncbi.nlm.nih.gov/bioproject/PRJEB62437","2026-04-02","include","","","screening_agent","1"
"SCR00069","bioproject","BP_Q1","PRJNA972634","Human feces Raw sequence reads","https://www.ncbi.nlm.nih.gov/bioproject/PRJNA972634","2026-04-02","include","","Gut-DNA virome in children with ASD; case-control design implied","screening_agent","1"
"SCR00070","bioproject","BP_Q1","PRJEB48828","16S Analysis of Poly I:C treated mouse to induce ASD","https://www.ncbi.nlm.nih.gov/bioproject/PRJEB48828","2026-04-02","exclude","non_human","Animal model study based on title/description","screening_agent","1"
"SCR00071","bioproject","BP_Q1","PRJNA966790","ASD mouse stool sample Raw sequence reads","https://www.ncbi.nlm.nih.gov/bioproject/PRJNA966790","2026-04-02","exclude","non_human","ASD mouse stool sample; organism='feces metagenome' but description confirms mouse model","screening_agent","1"
"SCR00072","bioproject","BP_Q1","PRJNA953169","Gur microbiota and metabolomics in child with autism spectrum disorder","https://www.ncbi.nlm.nih.gov/bioproject/PRJNA953169","2026-04-02","include","","","screening_agent","1"
"SCR00073","bioproject","BP_Q1","PRJNA952791","Microbiota of ASD and neurotypical human and humanized-mouse fecal samples.","https://www.ncbi.nlm.nih.gov/bioproject/PRJNA952791","2026-04-02","include","","","screening_agent","1"
"SCR00074","bioproject","BP_Q1","PRJNA943687","Faecal metagenome of children with autism spectrum disorder and children that are neurotypical","https://www.ncbi.nlm.nih.gov/bioproject/PRJNA943687","2026-04-02","include","","","screening_agent","1"
"SCR00075","bioproject","BP_Q1","PRJNA941891","16S amplicon data for pediatric ASD patients receiving probiotic intervention with VISBIOME","https://www.ncbi.nlm.nih.gov/bioproject/PRJNA941891","2026-04-02","include","","16S amplicon sequencing of ASD pediatric patients receiving VISBIOME probiotic intervention","screening_agent","1"
"SCR00076","bioproject","BP_Q1","PRJNA940472","human stool sample Metagenome","https://www.ncbi.nlm.nih.gov/bioproject/PRJNA940472","2026-04-02","include","","","screening_agent","1"
"SCR00077","bioproject","BP_Q1","PRJNA938142","Acetate supplementation rescues social deficits and alters transcriptional regulation in prefrontal cortex of  Shank3  deficient mice","https://www.ncbi.nlm.nih.gov/bioproject/PRJNA938142","2026-04-02","exclude","non_human","Organism=Mus musculus; animal model study","screening_agent","1"
"SCR00078","bioproject","BP_Q1","PRJNA932561","autistic children Raw sequence reads","https://www.ncbi.nlm.nih.gov/bioproject/PRJNA932561","2026-04-02","include","","16S sequencing of children with autism and normal controls; Homo sapiens","screening_agent","1"
"SCR00079","bioproject","BP_Q1","PRJNA928241","Gut microbiome of autism spectrum disorder's patients in Thailand","https://www.ncbi.nlm.nih.gov/bioproject/PRJNA928241","2026-04-02","include","","Gut microbiome of Thai ASD patients; human gut metagenome","screening_agent","1"
"SCR00080","bioproject","BP_Q1","PRJDB15047","Soil microbial community analysis before and after ethanol-based anaerobic soil disinfestation","https://www.ncbi.nlm.nih.gov/bioproject/PRJDB15047","2026-04-02","exclude","not_asd","Anaerobic soil disinfestation study, not autism","screening_agent","1"
"SCR00081","bioproject","BP_Q1","PRJEB58864","The microbiome of patients with social anxiety disorder is altered in comparison to healthy controls","https://www.ncbi.nlm.nih.gov/bioproject/PRJEB58864","2026-04-02","exclude","not_asd","Social anxiety disorder microbiome study; autism/ASD mentioned only tangentially alongside other psychiatric conditions","screening_agent","1"
"SCR00082","bioproject","BP_Q1","PRJNA917543","Analysis of gut microbiota profiles and their associations in children with autism spectrum disorders in Bangladesh","https://www.ncbi.nlm.nih.gov/bioproject/PRJNA917543","2026-04-02","include","","Round 2: Confirmed ASD vs control in Bangladesh; 39 samples; 16S rRNA; gut","screening_agent","2"
"SCR00083","bioproject","BP_Q1","PRJNA915328","Human Gut Microbiota from Autism Change the behavior of honeybees","https://www.ncbi.nlm.nih.gov/bioproject/PRJNA915328","2026-04-02","exclude","non_human","Human ASD microbiota transplanted into honeybees (Apis mellifera); non-human host","screening_agent","1"
"SCR00084","bioproject","BP_Q1","PRJNA910918","ASD patients gut metagenome 1st set of sample Metagenome","https://www.ncbi.nlm.nih.gov/bioproject/PRJNA910918","2026-04-02","include","","","screening_agent","1"
"SCR00085","bioproject","BP_Q1","PRJEB57564","Environmental and genetic factors in autism spectrum disorders","https://www.ncbi.nlm.nih.gov/bioproject/PRJEB57564","2026-04-02","exclude","not_microbiome_sequencing","No evidence of microbiome sequencing in title or description","screening_agent","1"
"SCR00086","bioproject","BP_Q1","PRJNA860734","mouse gut metagenome  Metagenome","https://www.ncbi.nlm.nih.gov/bioproject/PRJNA860734","2026-04-02","exclude","non_human","VPA-induced ASD mouse model with L. plantarum ST-III; mouse study","screening_agent","1"
"SCR00087","bioproject","BP_Q1","PRJNA857187","Microbiota-Indole 3-Propionic Acid-Brain Axis Mediates Abnormal Synaptic Pruning of Hippocampal Microglia and Susceptibility to ASD in IUGR Offsprings","https://www.ncbi.nlm.nih.gov/bioproject/PRJNA857187","2026-04-02","exclude","non_human","Animal model study based on title/description","screening_agent","1"
"SCR00088","bioproject","BP_Q1","PRJNA854167","Impact of OMEGA-3 nutrition on stool microbiome of autistic mice","https://www.ncbi.nlm.nih.gov/bioproject/PRJNA854167","2026-04-02","exclude","non_human","Animal model study based on title/description","screening_agent","1"
"SCR00089","bioproject","BP_Q1","PRJNA845014","gut microbiota in autism Raw sequence reads","https://www.ncbi.nlm.nih.gov/bioproject/PRJNA845014","2026-04-02","include","","Gut microbiota comparison: autistic children with/without atopic dermatitis; has within-ASD comparison","screening_agent","1"
"SCR00090","bioproject","BP_Q1","PRJDB10011","Gut microbiota of 14 mice","https://www.ncbi.nlm.nih.gov/bioproject/PRJDB10011","2026-04-02","exclude","non_human","Organism=mouse gut metagenome; animal model study","screening_agent","1"
"SCR00091","bioproject","BP_Q1","PRJNA843912","Impact of gastrointestinal symptoms on autism spectrum disorde","https://www.ncbi.nlm.nih.gov/bioproject/PRJNA843912","2026-04-02","include","","GI symptoms and gut microbiota/SCFA associations in ASD","screening_agent","1"
"SCR00092","bioproject","BP_Q1","PRJNA837206","Melatonin and autism","https://www.ncbi.nlm.nih.gov/bioproject/PRJNA837206","2026-04-02","exclude","non_human","Animal model study based on title/description","screening_agent","1"
"SCR00093","bioproject","BP_Q1","PRJNA823373","16S rRNA sequencing of mice fecal samples following probiotic treatment","https://www.ncbi.nlm.nih.gov/bioproject/PRJNA823373","2026-04-02","exclude","non_human","Psychobiotic assessment in ASD mouse model; mouse study","screening_agent","1"
"SCR00094","bioproject","BP_Q1","PRJNA815491","A preliminary investigation on the relationship between gut microbiota and gene expressions in peripheral mononuclear cells of infants with autism spectrum disorders","https://www.ncbi.nlm.nih.gov/bioproject/PRJNA815491","2026-04-02","include","","","screening_agent","1"
"SCR00095","bioproject","BP_Q1","PRJNA814201","Analysis of small ncRNAs in stool samples from ASD patients","https://www.ncbi.nlm.nih.gov/bioproject/PRJNA814201","2026-04-02","include","","Fecal microbiome/mycobiome/sncRNAs: children with autism vs neurotypical development; Homo sapiens","screening_agent","1"
"SCR00096","bioproject","BP_Q1","PRJNA813424","microbiome, mycobiome and sncRNAs of children with autism spectrum disorders","https://www.ncbi.nlm.nih.gov/bioproject/PRJNA813424","2026-04-02","exclude","duplicate_dataset","Related/derived from PRJNA814201, already screened (screening_id=SCR00095)","screening_agent","1"
"SCR00097","bioproject","BP_Q1","PRJNA801712","The role of probiotics in children with autism spectrum disorders","https://www.ncbi.nlm.nih.gov/bioproject/PRJNA801712","2026-04-02","include","","Randomized controlled trial of probiotics in 160 ASD children; RCT design","screening_agent","1"
"SCR00098","bioproject","BP_Q1","PRJNA786259","Homo sapiens Raw sequence reads","https://www.ncbi.nlm.nih.gov/bioproject/PRJNA786259","2026-04-02","include","","Microbial change + FMT effect in autism patients; Homo sapiens","screening_agent","1"
"SCR00099","bioproject","BP_Q1","PRJNA782533","Metagenomic study of the gut microbiome associated with autism spectrum disorders and their potential change after Microbiota Transfer Therapy","https://www.ncbi.nlm.nih.gov/bioproject/PRJNA782533","2026-04-02","include","","Round 2: Confirmed TD controls via Nirmalkar 2022 (PMID 36362265); shotgun; gut","screening_agent","2"
"SCR00100","bioproject","BP_Q1","PRJNA769228","Gut microbial profile is associated with the severity of social impairment and IQ performance in children with autism spectrum disorders","https://www.ncbi.nlm.nih.gov/bioproject/PRJNA769228","2026-04-02","include","","Gut microbial profile associated with social impairment severity and IQ in ASD children","screening_agent","1"
"SCR00101","bioproject","BP_Q1","PRJEB44042","Kefir ameliorates specific microbiota-gut-brain axis impairments in a mouse model relevant to autism spectrum disorder","https://www.ncbi.nlm.nih.gov/bioproject/PRJEB44042","2026-04-02","exclude","non_human","Animal model study based on title/description","screening_agent","1"
"SCR00102","bioproject","BP_Q1","PRJEB45948","the fecal microflora of Korean children with ASD","https://www.ncbi.nlm.nih.gov/bioproject/PRJEB45948","2026-04-02","include","","","screening_agent","1"
"SCR00103","bioproject","BP_Q1","PRJNA758217","the effect and mechanism of fecal bacteria transplantation on Autistic Spectrum Disorder","https://www.ncbi.nlm.nih.gov/bioproject/PRJNA758217","2026-04-02","include","","FMT clinical trial for ASD with 16S rRNA sequencing; pre/post + controls","screening_agent","1"
"SCR00104","bioproject","BP_Q1","PRJNA754695","Gut microbiota profile in Autism Spectrum Disorders patients","https://www.ncbi.nlm.nih.gov/bioproject/PRJNA754695","2026-04-02","include","","Bacterial 16S rRNA metagenomic analysis of fecal samples in ASD children","screening_agent","1"
"SCR00105","bioproject","BP_Q1","PRJNA747052","Microbial community sequencing and host transcripts sequencing in the Shank3 mouse model of autism spectrum disorder","https://www.ncbi.nlm.nih.gov/bioproject/PRJNA747052","2026-04-02","exclude","non_human","Animal model study based on title/description","screening_agent","1"
"SCR00106","bioproject","BP_Q1","PRJNA746736","16S rRNA gene sequence analysis of mice","https://www.ncbi.nlm.nih.gov/bioproject/PRJNA746736","2026-04-02","exclude","non_human","Animal model study based on title/description","screening_agent","1"
"SCR00107","bioproject","BP_Q1","PRJNA746094","Multi-omics signature of Autism Spectral Disorder reveals novel microbial macromolecules","https://www.ncbi.nlm.nih.gov/bioproject/PRJNA746094","2026-04-02","include","","Multi-omics gut microbiota in ASD patients; altered microbial community vs controls","screening_agent","1"
"SCR00108","bioproject","BP_Q1","PRJNA744027","China ASD Children gut microbiota 16S sequencing","https://www.ncbi.nlm.nih.gov/bioproject/PRJNA744027","2026-04-02","include","","Washed microbiota transplantation + 16S in Chinese ASD children","screening_agent","1"
"SCR00109","bioproject","BP_Q1","PRJNA739812","mouse gut metagenome Metagenome","https://www.ncbi.nlm.nih.gov/bioproject/PRJNA739812","2026-04-02","exclude","non_human","Organism=mouse gut metagenome; animal model study","screening_agent","1"
"SCR00110","bioproject","BP_Q1","PRJNA724745","16SrRNA from gut-microbiota of a mouse orally exposed to p-Cresol through drinkwater Targeted loci","https://www.ncbi.nlm.nih.gov/bioproject/PRJNA724745","2026-04-02","exclude","non_human","Organism=mouse gut metagenome; animal model study","screening_agent","1"
"SCR00111","bioproject","BP_Q1","PRJNA715668","human gut metagenome Targeted Locus (Loci)","https://www.ncbi.nlm.nih.gov/bioproject/PRJNA715668","2026-04-02","include","","Human gut microbiota of fathers of autism children; targeted locus sequencing","screening_agent","1"
"SCR00112","bioproject","BP_Q1","PRJNA713927","Altered gut microbiome and autism-like behavior are associated with parental high salt diet in male mice","https://www.ncbi.nlm.nih.gov/bioproject/PRJNA713927","2026-04-02","exclude","non_human","Animal model study based on title/description","screening_agent","1"
"SCR00113","bioproject","BP_Q1","PRJNA708345","Autism-Associated Variant in the SLC6A3 Gene Alters the Oral Microbiome and Metabolism in a Murine Model","https://www.ncbi.nlm.nih.gov/bioproject/PRJNA708345","2026-04-02","exclude","non_human","Animal model study based on title/description","screening_agent","1"
"SCR00114","bioproject","BP_Q1","PRJNA701402","Children with Attention-Deficit Hyperactivity Disorder or Autism spectrum disorder have distinct and shared microbiota compositions","https://www.ncbi.nlm.nih.gov/bioproject/PRJNA701402","2026-04-02","include","","","screening_agent","1"
"SCR00115","bioproject","BP_Q1","PRJEB42687","ASD Colorado Longitudinal","https://www.ncbi.nlm.nih.gov/bioproject/PRJEB42687","2026-04-02","include","","","screening_agent","1"
"SCR00116","bioproject","BP_Q1","PRJNA691555","Tongue microbiome associated with autism","https://www.ncbi.nlm.nih.gov/bioproject/PRJNA691555","2026-04-02","include","","","screening_agent","1"
"SCR00117","bioproject","BP_Q1","PRJNA687773","Fecal microbiome of children with autism spectrum disorder, their mothers, and healthy children","https://www.ncbi.nlm.nih.gov/bioproject/PRJNA687773","2026-04-02","include","","","screening_agent","1"
"SCR00118","bioproject","BP_Q1","PRJNA686821","Shotgun metagenomics data from human stool microorganism Raw sequence reads","https://www.ncbi.nlm.nih.gov/bioproject/PRJNA686821","2026-04-02","include","","","screening_agent","1"
"SCR00119","bioproject","BP_Q1","PRJNA675093","Fecal microbiome of children with autism spectrum disorder following probiotic and oxytocin supplementation","https://www.ncbi.nlm.nih.gov/bioproject/PRJNA675093","2026-04-02","include","","Combined probiotic and oxytocin supplementation in ASD; fecal microbiome analysis","screening_agent","1"
"SCR00120","bioproject","BP_Q1","PRJEB39681","Gut microbiome of virally-infected C57BL/6 mice","https://www.ncbi.nlm.nih.gov/bioproject/PRJEB39681","2026-04-02","exclude","non_human","Animal model study based on title/description","screening_agent","1"
"SCR00121","bioproject","BP_Q1","PRJNA649347","feces metagenome Raw sequence reads","https://www.ncbi.nlm.nih.gov/bioproject/PRJNA649347","2026-04-02","exclude","non_human","Feces of ASD rats induced by VPA; rat model study","screening_agent","1"
"SCR00122","bioproject","BP_Q1","PRJNA644763","Study on the gut microbiota in autism children and their mothers Targeted loci","https://www.ncbi.nlm.nih.gov/bioproject/PRJNA644763","2026-04-02","exclude","no_control_group","No mention of control/comparison group in description","screening_agent","1"
"SCR00123","bioproject","BP_Q1","PRJNA644730","human gut metagenome Raw sequence reads","https://www.ncbi.nlm.nih.gov/bioproject/PRJNA644730","2026-04-02","include","","","screening_agent","1"
"SCR00124","bioproject","BP_Q1","PRJNA642975","16s rRNA amplicon sequencing of fecal samples from Chinese children with autism spectrum disorder","https://www.ncbi.nlm.nih.gov/bioproject/PRJNA642975","2026-04-02","include","","16S rRNA amplicon sequencing of fecal samples from Chinese ASD children","screening_agent","1"
"SCR00125","bioproject","BP_Q1","PRJNA624252","16S rRNA gene sequence of  autism spectrum disorder children","https://www.ncbi.nlm.nih.gov/bioproject/PRJNA624252","2026-04-02","include","","16S rRNA gene sequence of ASD children; microbiome study","screening_agent","1"
"SCR00126","bioproject","BP_Q1","PRJNA615774","gut microbiota in children with autism spectrum disorder accompanied with sleep disorder","https://www.ncbi.nlm.nih.gov/bioproject/PRJNA615774","2026-04-02","include","","Gut microbiota in ASD children with sleep disorder; investigates microbiota alterations","screening_agent","1"
"SCR00127","bioproject","BP_Q1","PRJNA606860","ASD rat feces Raw sequence reads","https://www.ncbi.nlm.nih.gov/bioproject/PRJNA606860","2026-04-02","exclude","non_human","ASD rat feces; rat model study","screening_agent","1"
"SCR00128","bioproject","BP_Q1","PRJEB26424","Chemotherapeutic remodeling of the gut microbiome","https://www.ncbi.nlm.nih.gov/bioproject/PRJEB26424","2026-04-02","exclude","no_control_group","No mention of control/comparison group in description","screening_agent","1"
"SCR00129","bioproject","BP_Q1","PRJNA599249","Gut microbiota of ASD children","https://www.ncbi.nlm.nih.gov/bioproject/PRJNA599249","2026-04-02","include","","Probiotics + fructo-oligosaccharide intervention modulating gut microbiome in ASD children","screening_agent","1"
"SCR00130","bioproject","BP_Q1","PRJNA597790","human gut metagenome ITS","https://www.ncbi.nlm.nih.gov/bioproject/PRJNA597790","2026-04-02","include","","Round 2: Confirmed ASD vs healthy via Zou 2021 (PMID 32447559); ITS/16S; gut","screening_agent","2"
"SCR00131","bioproject","BP_Q1","PRJEB34807","Gut microbiota dysbiosis in Neurodevelopmental disorders","https://www.ncbi.nlm.nih.gov/bioproject/PRJEB34807","2026-04-02","exclude","not_asd","Neurodevelopmental disorders study without specific ASD focus; title mentions NDD broadly","screening_agent","1"
"SCR00132","bioproject","BP_Q1","PRJNA592843","Therapeutic effects of the in vitro cultured human gut microbiota as transplants on altering gut microbiota and improving symptoms associated with autism spectrum disorder","https://www.ncbi.nlm.nih.gov/bioproject/PRJNA592843","2026-04-02","include","","Therapeutic effects of cultured gut microbiota transplants on ASD symptoms","screening_agent","1"
"SCR00133","bioproject","BP_Q1","PRJNA589343","The gut microbiota changes in Chinese children with autism spectrum disorders","https://www.ncbi.nlm.nih.gov/bioproject/PRJNA589343","2026-04-02","include","","Largest gut microbiota study in Chinese ASD children; evidence for microbiota-ASD relationship","screening_agent","1"
"SCR00134","bioproject","BP_Q1","PRJNA587441","16S rRNA gene sequence of  autism spectrum disorder mice","https://www.ncbi.nlm.nih.gov/bioproject/PRJNA587441","2026-04-02","exclude","non_human","ASD mice BTBR and VPA models; mouse study","screening_agent","1"
"SCR00135","bioproject","BP_Q1","PRJNA578223","human gut metagenome Metagenome","https://www.ncbi.nlm.nih.gov/bioproject/PRJNA578223","2026-04-02","include","","","screening_agent","1"
"SCR00136","bioproject","BP_Q1","PRJNA575041","Bacterial communities in ASD soil mesocosms","https://www.ncbi.nlm.nih.gov/bioproject/PRJNA575041","2026-04-02","exclude","not_asd","Anaerobic soil disinfestation study, not autism","screening_agent","1"
"SCR00137","bioproject","BP_Q1","PRJNA565477","Exon sequencing of Autism Spectrum Disorder children with constipation","https://www.ncbi.nlm.nih.gov/bioproject/PRJNA565477","2026-04-02","exclude","not_microbiome_sequencing","Exon sequencing study of ASD children with constipation; host genomics not microbiome","screening_agent","1"
"SCR00138","bioproject","BP_Q1","PRJNA561262","TEMPORAL DYNAMICS OF THE SOIL METABOLOME AND MICROBIOME DURING SIMULATED ANAEROBIC SOIL DISINFESTATION","https://www.ncbi.nlm.nih.gov/bioproject/PRJNA561262","2026-04-02","exclude","not_asd","Anaerobic soil disinfestation study, not autism","screening_agent","1"
"SCR00139","bioproject","BP_Q1","PRJNA559058","The oral microbiome of ASD mother-child pairs and healthy mother-child pairs","https://www.ncbi.nlm.nih.gov/bioproject/PRJNA559058","2026-04-02","include","","","screening_agent","1"
"SCR00140","bioproject","BP_Q1","PRJEB27306","Analysis of the intestinal and oropharyngeal microbiome, nutritional and immunological profile of children with Autism Spectrum Disorder (ASD) compared with children without","https://www.ncbi.nlm.nih.gov/bioproject/PRJEB27306","2026-04-02","include","","Round 2: Case-control design confirmed; intestinal + oropharyngeal; 16S; Ecuador","screening_agent","2"
"SCR00141","bioproject","BP_Q1","PRJNA533120","16S rRNA sequencing from ASD and TD individuals, Apr 09 '19 (resequencing) Targeted loci environmental","https://www.ncbi.nlm.nih.gov/bioproject/PRJNA533120","2026-04-02","include","","","screening_agent","1"
"SCR00142","bioproject","BP_Q1","PRJNA530620","Autistic Symptoms and Gut Microbiota between Two Subgroups of ASD Children Based on γδT cells- derived IFN-γ levels","https://www.ncbi.nlm.nih.gov/bioproject/PRJNA530620","2026-04-02","include","","","screening_agent","1"
"SCR00143","bioproject","BP_Q1","PRJEB31117","Human Gut Microbiota from Autism Spectrum Disorder Promote Behavioral Symptoms in Mice","https://www.ncbi.nlm.nih.gov/bioproject/PRJEB31117","2026-04-02","exclude","non_human","Animal model study based on title/description","screening_agent","1"
"SCR00144","bioproject","BP_Q1","PRJNA529463","Microbiome analysis of probiotic treatment in MIA ferrets","https://www.ncbi.nlm.nih.gov/bioproject/PRJNA529463","2026-04-02","exclude","non_human","Animal model study based on title/description","screening_agent","1"
"SCR00145","bioproject","BP_Q1","PRJNA518760","microbial diversity  in the saliva of ASD children- part II","https://www.ncbi.nlm.nih.gov/bioproject/PRJNA518760","2026-04-02","exclude","no_control_group","No mention of control/comparison group in description","screening_agent","1"
"SCR00146","bioproject","BP_Q1","PRJNA518756","Potential Associations Among Alteration of Salivary miRNAs, Saliva Microbiome Structure, and Cognitive Impairments in Autistic Children","https://www.ncbi.nlm.nih.gov/bioproject/PRJNA518756","2026-04-02","exclude","no_control_group","No mention of control/comparison group in description","screening_agent","1"
"SCR00147","bioproject","BP_Q1","PRJNA516054","Whole metagenomic analysis of the enteric microbiota in children with autism spectrum disorder: the search for marker genes compositions","https://www.ncbi.nlm.nih.gov/bioproject/PRJNA516054","2026-04-02","include","","","screening_agent","1"
"SCR00148","bioproject","BP_Q1","PRJEB28847","The ketogenic diet influences taxonomic and functional composition of the gut microbiota in children with severe epilepsy","https://www.ncbi.nlm.nih.gov/bioproject/PRJEB28847","2026-04-02","exclude","not_asd","Ketogenic diet for severe epilepsy; autism mentioned tangentially","screening_agent","1"
"SCR00149","bioproject","BP_Q1","PRJDB6834","ASD project","https://www.ncbi.nlm.nih.gov/bioproject/PRJDB6834","2026-04-02","exclude","not_asd","Anaerobic soil disinfestation study, not autism","screening_agent","1"
"SCR00150","bioproject","BP_Q1","PRJEB29421","Gut Microbiota Features in Young Children with Autism Spectrum Disorders","https://www.ncbi.nlm.nih.gov/bioproject/PRJEB29421","2026-04-02","exclude","no_control_group","No mention of control/comparison group in description","screening_agent","1"
"SCR00151","bioproject","BP_Q1","PRJNA453894","Bacteria Raw sequence reads","https://www.ncbi.nlm.nih.gov/bioproject/PRJNA453894","2026-04-02","include","","Gut microbiome profiles of mothers and ASD children; organism='Bacteria' but is human stool microbiome","screening_agent","1"
"SCR00152","bioproject","BP_Q1","PRJNA453840","Metagenomic sequencing and 16S rRNA sequence of gut microbiota associated with autism spectrum disorders patients","https://www.ncbi.nlm.nih.gov/bioproject/PRJNA453840","2026-04-02","exclude","no_control_group","No mention of control/comparison group in description","screening_agent","1"
"SCR00153","bioproject","BP_Q1","PRJNA453621","Gut microbiota analysis associated with autism spectrum disorders [16S rRNA]","https://www.ncbi.nlm.nih.gov/bioproject/PRJNA453621","2026-04-02","include","","","screening_agent","1"
"SCR00154","bioproject","BP_Q1","PRJNA451479","Metagenomic sequencing of gut microbiota associated with autism spectrum disorders patients","https://www.ncbi.nlm.nih.gov/bioproject/PRJNA451479","2026-04-02","include","","","screening_agent","1"
"SCR00155","bioproject","BP_Q1","PRJEB24653","Maternal exposure of glyphosate-based herbicide affects the gut microbiome of Sprague-Dawley rats","https://www.ncbi.nlm.nih.gov/bioproject/PRJEB24653","2026-04-02","exclude","non_human","Animal model study based on title/description","screening_agent","1"
"SCR00156","bioproject","BP_Q1","PRJNA436440","Metagenome Analysis of Human Gut Microbiome and its Prospective Influence in Autism","https://www.ncbi.nlm.nih.gov/bioproject/PRJNA436440","2026-04-02","include","","Round 2: Confirmed 30 ASD vs 24 controls via Pulikkan 2018 (PMID 29564487); 16S; gut","screening_agent","2"
"SCR00157","bioproject","BP_Q1","PRJNA432094","Gut Microbiota from Human Autism Spectrum Disorder Induces Behavioral Deficits in Mice","https://www.ncbi.nlm.nih.gov/bioproject/PRJNA432094","2026-04-02","exclude","non_human","Organism=Mus musculus; animal model study","screening_agent","1"
"SCR00158","bioproject","BP_Q1","PRJNA431279","Mouse colon contents, colonized with human fecal samples (TD or ASD) Raw sequence reads","https://www.ncbi.nlm.nih.gov/bioproject/PRJNA431279","2026-04-02","exclude","non_human","Organism=mouse gut metagenome; animal model study","screening_agent","1"
"SCR00159","bioproject","BP_Q1","PRJEB23052","gut metagenome of ASD","https://www.ncbi.nlm.nih.gov/bioproject/PRJEB23052","2026-04-02","include","","","screening_agent","1"
"SCR00160","bioproject","BP_Q1","PRJEB14629","Clinically-relevant gut microbial dysbiosis and hyperserotonemia in two mouse models of autism","https://www.ncbi.nlm.nih.gov/bioproject/PRJEB14629","2026-04-02","exclude","non_human","Animal model study based on title/description","screening_agent","1"
"SCR00161","bioproject","BP_Q1","PRJEB15418","Characterization of the gut microbiota associated with ASDs through high-throughput sequencing of the V3V5 region of 16S bacterial rRNA and of the ITS1 region of the fungal rRNA","https://www.ncbi.nlm.nih.gov/bioproject/PRJEB15418","2026-04-02","exclude","no_control_group","No mention of control/comparison group in description","screening_agent","1"
"SCR00162","bioproject","BP_Q1","PRJEB15420","ASD gut mycobiota","https://www.ncbi.nlm.nih.gov/bioproject/PRJEB15420","2026-04-02","exclude","not_microbiome_sequencing","No evidence of microbiome sequencing in title or description","screening_agent","1"
"SCR00163","bioproject","BP_Q1","PRJNA362687","Oral microbial changes in ASD children","https://www.ncbi.nlm.nih.gov/bioproject/PRJNA362687","2026-04-02","exclude","no_control_group","No mention of control/comparison group in description","screening_agent","1"
"SCR00164","bioproject","BP_Q1","PRJNA362482","gut metagenome Metagenome","https://www.ncbi.nlm.nih.gov/bioproject/PRJNA362482","2026-04-02","exclude","not_asd","Refractory epilepsy microbiota study; autism mentioned only as general CNS disease","screening_agent","1"
"SCR00165","bioproject","BP_Q1","PRJNA355083","Gut microbiota signature in RETT syndrome","https://www.ncbi.nlm.nih.gov/bioproject/PRJNA355083","2026-04-02","exclude","no_control_group","No mention of control/comparison group in description","screening_agent","1"
"SCR00166","bioproject","BP_Q1","PRJEB13363","Effect of anaerobic soil disinfestation on soilborne phytopathogenic agents and bacterial community under walnut tree-crop nursery conditions","https://www.ncbi.nlm.nih.gov/bioproject/PRJEB13363","2026-04-02","exclude","not_asd","Anaerobic soil disinfestation study, not autism","screening_agent","1"
"SCR00167","bioproject","BP_Q1","PRJNA327785","feces metagenome Targeted Locus (Loci)","https://www.ncbi.nlm.nih.gov/bioproject/PRJNA327785","2026-04-02","include","","Bacteria related to vitamin A in children with ASD; feces metagenome","screening_agent","1"
"SCR00168","bioproject","BP_Q1","PRJEB11419","American Gut Project","https://www.ncbi.nlm.nih.gov/bioproject/PRJEB11419","2026-04-02","include","","American Gut Project; large citizen-science cohort includes ASD self-reported metadata with non-ASD controls","screening_agent","1"
"SCR00169","bioproject","BP_Q1","PRJNA291739","synthetic metagenome Raw sequence reads","https://www.ncbi.nlm.nih.gov/bioproject/PRJNA291739","2026-04-02","exclude","not_asd","Synthetic metagenome for algorithm evaluation, not autism study","screening_agent","1"
"SCR00170","bioproject","BP_Q1","PRJNA282013","Autism Gut targeted loci","https://www.ncbi.nlm.nih.gov/bioproject/PRJNA282013","2026-04-02","include","","","screening_agent","1"
"SCR00171","bioproject","BP_Q1","PRJNA243592","Gut microbiome metabolites alter genomic networks in PC12 cells relevant to autism spectrum diorders","https://www.ncbi.nlm.nih.gov/bioproject/PRJNA243592","2026-04-02","exclude","non_human","Organism=Rattus norvegicus; animal model study","screening_agent","1"
"SCR00172","bioproject","BP_Q1","PRJNA238362","MORE RNAseq analysis of MazF in M. tuberculosis","https://www.ncbi.nlm.nih.gov/bioproject/PRJNA238362","2026-04-02","exclude","not_asd","E. coli toxin-antitoxin system study, not autism-related","screening_agent","1"
"SCR00173","bioproject","BP_Q1","PRJNA168470","Human Intestinal Microbial Ecology and its Relationship to Autism","https://www.ncbi.nlm.nih.gov/bioproject/PRJNA168470","2026-04-02","include","","Human intestinal microbial ecology and its relationship to autism; classic ASD microbiome study","screening_agent","1"
"SCR00174","bioproject","BP_Q2","PRJNA1434312","mouse gut metagenome Metagenome","https://www.ncbi.nlm.nih.gov/bioproject/PRJNA1434312","2026-04-02","exclude","non_human","Probiotic intervention on autistic mice; mouse model study","screening_agent","1"
"SCR00175","bioproject","BP_Q2","PRJNA1131930","16S rRNA sequencing","https://www.ncbi.nlm.nih.gov/bioproject/PRJNA1131930","2026-04-02","exclude","non_human","16S rRNA sequencing of gut microbiota in autistic rats with DCHD treatment; rat model","screening_agent","1"
"SCR00176","bioproject","BP_Q2","PRJNA895487","Multi-omic gut microbiomes of autistic children and their typically developing siblings","https://www.ncbi.nlm.nih.gov/bioproject/PRJNA895487","2026-04-02","include","","","screening_agent","1"
"SCR00177","bioproject","BP_Q3","PRJNA1397483","novel genes methylation pattern as biomarkers in ASD individuals' etiology","https://www.ncbi.nlm.nih.gov/bioproject/PRJNA1397483","2026-04-02","exclude","not_microbiome_sequencing","Whole-genome bisulfite sequencing of buccal swab DNA for methylation; host epigenomics","screening_agent","1"
"SCR00178","bioproject","BP_Q3","PRJNA1121631","Lactobacillus intervention facilitates gut barrier function, decreases corticosterone and ameliorates social behavior in LPS-exposed offspring.","https://www.ncbi.nlm.nih.gov/bioproject/PRJNA1121631","2026-04-02","exclude","non_human","Lactobacillus intervention in LPS-exposed rat offspring; rat autism model","screening_agent","1"
"SCR00179","bioproject","BP_Q3","PRJNA901018","Single-cell transcriptomic analysis of peripheral blood mononuclear cells (PBMCs) from autism patients before and after metabolic stimulation with long-term L-serine treatment","https://www.ncbi.nlm.nih.gov/bioproject/PRJNA901018","2026-04-02","exclude","not_microbiome_sequencing","Single-cell transcriptomics of PBMCs from autism patients; not microbiome sequencing","screening_agent","1"
"SCR00180","bioproject","BP_Q3","PRJEB55708","EMG produced TPA metagenomics assembly of PRJEB44042 data set (Kefir ameliorates specific microbiota-gut-brain axis impairments in a mouse model relevant to autism spectrum disorder).","https://www.ncbi.nlm.nih.gov/bioproject/PRJEB55708","2026-04-02","exclude","non_human","Animal model study based on title/description","screening_agent","1"
"SCR00181","bioproject","BP_Q3","PRJNA832607","Retinoic acid supplementation rescues the social deficits in Fmr1 knockout mice","https://www.ncbi.nlm.nih.gov/bioproject/PRJNA832607","2026-04-02","exclude","non_human","Retinoic acid in Fmr1 knockout mice; mouse ASD model","screening_agent","1"
"SCR00182","bioproject","BP_Q3","PRJNA816833","Integrative genomics reveals pathogenic mediator of valproate-induced neurodevelopmental outcomes.","https://www.ncbi.nlm.nih.gov/bioproject/PRJNA816833","2026-04-02","exclude","not_microbiome_sequencing","Integrative genomics of valproate-induced neurodevelopmental outcomes in rats; host transcriptomics","screening_agent","1"
"SCR00183","bioproject","BP_Q3","PRJNA811189","A common epigenetic mechanism across different cellular origins underlies systemic immune dysregulation in an idiopathic autism mouse model","https://www.ncbi.nlm.nih.gov/bioproject/PRJNA811189","2026-04-02","exclude","non_human","Organism=Mus musculus; animal model study","screening_agent","1"
"SCR00184","ena","ENA_Q1","PRJEB108563","Autism Spectrum Disorder -UCLA","https://www.ebi.ac.uk/ena/browser/view/PRJEB108563","2026-04-02","exclude","duplicate_dataset","Duplicate of PRJEB108563 first seen in bioproject (screening_id=SCR00003)","screening_agent","1"
"SCR00185","ena","ENA_Q1","PRJEB42687","ASD Colorado Longitudinal","https://www.ebi.ac.uk/ena/browser/view/PRJEB42687","2026-04-02","exclude","duplicate_dataset","Duplicate of PRJEB42687 first seen in bioproject (screening_id=SCR00115)","screening_agent","1"
"SCR00186","ena","ENA_Q1","PRJEB62437","Autism cohort","https://www.ebi.ac.uk/ena/browser/view/PRJEB62437","2026-04-02","exclude","duplicate_dataset","Duplicate of PRJEB62437 first seen in bioproject (screening_id=SCR00068)","screening_agent","1"
"SCR00187","ena","ENA_Q1","PRJEB31117","Human Gut Microbiota from Autism Spectrum Disorder Promote Behavioral Symptoms in Mice","https://www.ebi.ac.uk/ena/browser/view/PRJEB31117","2026-04-02","exclude","duplicate_dataset","Duplicate of PRJEB31117 first seen in bioproject (screening_id=SCR00143)","screening_agent","1"
"SCR00188","ena","ENA_Q1","PRJEB14629","Clinically-relevant gut microbial dysbiosis and hyperserotonemia in two mouse models of autism","https://www.ebi.ac.uk/ena/browser/view/PRJEB14629","2026-04-02","exclude","duplicate_dataset","Duplicate of PRJEB14629 first seen in bioproject (screening_id=SCR00160)","screening_agent","1"
"SCR00189","ena","ENA_Q1","PRJEB60702","L. reuteri RCT for children with ASD","https://www.ebi.ac.uk/ena/browser/view/PRJEB60702","2026-04-02","exclude","duplicate_dataset","Duplicate of PRJEB60702 first seen in bioproject (screening_id=SCR00056)","screening_agent","1"
"SCR00190","ena","ENA_Q1","PRJEB78344","Efficacy and safety of BF839 for pediatric ASD","https://www.ebi.ac.uk/ena/browser/view/PRJEB78344","2026-04-02","exclude","duplicate_dataset","Duplicate of PRJEB78344 first seen in bioproject (screening_id=SCR00019)","screening_agent","1"
"SCR00191","ena","ENA_Q1","PRJEB34807","Gut microbiota dysbiosis in Neurodevelopmental disorders","https://www.ebi.ac.uk/ena/browser/view/PRJEB34807","2026-04-02","exclude","duplicate_dataset","Duplicate of PRJEB34807 first seen in bioproject (screening_id=SCR00131)","screening_agent","1"
"SCR00192","ena","ENA_Q1","PRJEB29421","Gut Microbiota Features in Young Children with Autism Spectrum Disorders","https://www.ebi.ac.uk/ena/browser/view/PRJEB29421","2026-04-02","exclude","duplicate_dataset","Duplicate of PRJEB29421 first seen in bioproject (screening_id=SCR00150)","screening_agent","1"
"SCR00193","ena","ENA_Q1","PRJEB23052","gut metagenome of ASD","https://www.ebi.ac.uk/ena/browser/view/PRJEB23052","2026-04-02","exclude","duplicate_dataset","Duplicate of PRJEB23052 first seen in bioproject (screening_id=SCR00159)","screening_agent","1"
"SCR00194","ena","ENA_Q1","PRJEB27306","Analysis of the intestinal and oropharyngeal microbiome, nutritional and immunological profile of children with Autism Spectrum Disorder (ASD) compared with children without","https://www.ebi.ac.uk/ena/browser/view/PRJEB27306","2026-04-02","exclude","duplicate_dataset","Duplicate of PRJEB27306 first seen in bioproject (screening_id=SCR00140)","screening_agent","1"
"SCR00195","ena","ENA_Q1","PRJEB15418","Characterization of the gut microbiota associated with ASDs through high-throughput sequencing of the V3V5 region of 16S bacterial rRNA and of the ITS1 region of the fungal rRNA","https://www.ebi.ac.uk/ena/browser/view/PRJEB15418","2026-04-02","exclude","duplicate_dataset","Duplicate of PRJEB15418 first seen in bioproject (screening_id=SCR00161)","screening_agent","1"
"SCR00196","ena","ENA_Q1","PRJEB15420","ASD gut mycobiota","https://www.ebi.ac.uk/ena/browser/view/PRJEB15420","2026-04-02","exclude","duplicate_dataset","Duplicate of PRJEB15420 first seen in bioproject (screening_id=SCR00162)","screening_agent","1"
"SCR00197","ena","ENA_Q1","PRJEB45948","the fecal microflora of Korean children with ASD","https://www.ebi.ac.uk/ena/browser/view/PRJEB45948","2026-04-02","exclude","duplicate_dataset","Duplicate of PRJEB45948 first seen in bioproject (screening_id=SCR00102)","screening_agent","1"
"SCR00198","ena","ENA_Q1","PRJEB57564","Environmental and genetic factors in autism spectrum disorders","https://www.ebi.ac.uk/ena/browser/view/PRJEB57564","2026-04-02","exclude","duplicate_dataset","Duplicate of PRJEB57564 first seen in bioproject (screening_id=SCR00085)","screening_agent","1"
"SCR00199","ena","ENA_Q1","PRJEB58864","The microbiome of patients with social anxiety disorder is altered in comparison to healthy controls","https://www.ebi.ac.uk/ena/browser/view/PRJEB58864","2026-04-02","exclude","duplicate_dataset","Duplicate of PRJEB58864 first seen in bioproject (screening_id=SCR00081)","screening_agent","1"
"SCR00200","ena","ENA_Q1","PRJEB59338","Tool for screening the risk of dysbiosis and characterizing the healthy and diseased intestinal microbiota","https://www.ebi.ac.uk/ena/browser/view/PRJEB59338","2026-04-02","exclude","duplicate_dataset","Duplicate of PRJEB59338 first seen in bioproject (screening_id=SCR00065)","screening_agent","1"
"SCR00201","ena","ENA_Q1","PRJEB44042","Kefir ameliorates specific microbiota-gut-brain axis impairments in a mouse model relevant to autism spectrum disorder","https://www.ebi.ac.uk/ena/browser/view/PRJEB44042","2026-04-02","exclude","duplicate_dataset","Duplicate of PRJEB44042 first seen in bioproject (screening_id=SCR00101)","screening_agent","1"
"SCR00202","ena","ENA_Q1","PRJEB55708","EMG produced TPA metagenomics assembly of PRJEB44042 data set","https://www.ebi.ac.uk/ena/browser/view/PRJEB55708","2026-04-02","exclude","duplicate_dataset","Duplicate of PRJEB55708 first seen in bioproject (screening_id=SCR00180)","screening_agent","1"
"SCR00203","ena","ENA_Q1","PRJEB79246","High-throughput workflow for cultivation and functional characterization of novel gut microbiota strains with metabolic signatures associated with gut-brain communication","https://www.ebi.ac.uk/ena/browser/view/PRJEB79246","2026-04-02","exclude","duplicate_dataset","Duplicate of PRJEB79246 first seen in bioproject (screening_id=SCR00038)","screening_agent","1"
"SCR00204","ena","ENA_Q1","PRJEB11419","American Gut Project","https://www.ebi.ac.uk/ena/browser/view/PRJEB11419","2026-04-02","exclude","duplicate_dataset","Duplicate of PRJEB11419 first seen in bioproject (screening_id=SCR00168)","screening_agent","1"
"SCR00205","ena","ENA_Q1","PRJEB28847","The ketogenic diet influences taxonomic and functional composition of the gut microbiota in children with severe epilepsy","https://www.ebi.ac.uk/ena/browser/view/PRJEB28847","2026-04-02","exclude","duplicate_dataset","Duplicate of PRJEB28847 first seen in bioproject (screening_id=SCR00148)","screening_agent","1"
"SCR00206","ena","ENA_Q1","PRJEB24653","Maternal exposure of glyphosate-based herbicide affects the gut microbiome of Sprague-Dawley rats","https://www.ebi.ac.uk/ena/browser/view/PRJEB24653","2026-04-02","exclude","duplicate_dataset","Duplicate of PRJEB24653 first seen in bioproject (screening_id=SCR00155)","screening_agent","1"
"SCR00207","ena","ENA_Q1","PRJEB26424","Chemotherapeutic remodeling of the gut microbiome","https://www.ebi.ac.uk/ena/browser/view/PRJEB26424","2026-04-02","exclude","duplicate_dataset","Duplicate of PRJEB26424 first seen in bioproject (screening_id=SCR00128)","screening_agent","1"
"SCR00208","ena","ENA_Q1","PRJEB39681","Gut microbiome of virally-infected C57BL/6 mice","https://www.ebi.ac.uk/ena/browser/view/PRJEB39681","2026-04-02","exclude","duplicate_dataset","Duplicate of PRJEB39681 first seen in bioproject (screening_id=SCR00120)","screening_agent","1"
"SCR00209","ena","ENA_Q1","PRJEB81553","Project 3 5XFAD Aim 1-Alzheimers Gut Microbiome Project","https://www.ebi.ac.uk/ena/browser/view/PRJEB81553","2026-04-02","exclude","duplicate_dataset","Duplicate of PRJEB81553 first seen in bioproject (screening_id=SCR00035)","screening_agent","1"
"SCR00210","ena","ENA_Q1","PRJEB81554","Project 3 3XTG Aim 1-Alzheimers Gut Microbiome Project","https://www.ebi.ac.uk/ena/browser/view/PRJEB81554","2026-04-02","exclude","duplicate_dataset","Duplicate of PRJEB81554 first seen in bioproject (screening_id=SCR00034)","screening_agent","1"
"SCR00211","ena","ENA_Q1","PRJDB10011","Gut microbiota of 14 mice","https://www.ebi.ac.uk/ena/browser/view/PRJDB10011","2026-04-02","exclude","duplicate_dataset","Duplicate of PRJDB10011 first seen in bioproject (screening_id=SCR00090)","screening_agent","1"
"SCR00212","ena","ENA_Q1","PRJDB15271","The Gut Microbiota Regulates Autism-like Behavior by Mediating Synaptic Loss and Microbiota-Derived Metabolite in CLC4 KO mice","https://www.ebi.ac.uk/ena/browser/view/PRJDB15271","2026-04-02","exclude","duplicate_dataset","Duplicate of PRJDB15271 first seen in bioproject (screening_id=SCR00030)","screening_agent","1"
"SCR00213","ena","ENA_Q1","PRJDB36519","The Mechanistic Study of Exercise Amelioration of Autism through Vagus Nerve-Mediated Gut-Brain Axis Pathway","https://www.ebi.ac.uk/ena/browser/view/PRJDB36519","2026-04-02","exclude","duplicate_dataset","Duplicate of PRJDB36519 first seen in bioproject (screening_id=SCR00012)","screening_agent","1"
"SCR00214","ena","ENA_Q1","PRJDB38329","Construction and Applications of Synthetic Gut Microbiota","https://www.ebi.ac.uk/ena/browser/view/PRJDB38329","2026-04-02","exclude","duplicate_dataset","Duplicate of PRJDB38329 first seen in bioproject (screening_id=SCR00007)","screening_agent","1"
"SCR00215","ena","ENA_Q1","PRJDB37625","Isolation and genetic analysis of a gut bacterial strain with high GABA production capacity","https://www.ebi.ac.uk/ena/browser/view/PRJDB37625","2026-04-02","exclude","duplicate_dataset","Duplicate of PRJDB37625 first seen in bioproject (screening_id=SCR00013)","screening_agent","1"
"SCR00216","ena","ENA_Q1","PRJNA168470","Human Intestinal Microbial Ecology and its Relationship to Autism","https://www.ebi.ac.uk/ena/browser/view/PRJNA168470","2026-04-02","exclude","duplicate_dataset","Duplicate of PRJNA168470 first seen in bioproject (screening_id=SCR00173)","screening_agent","1"
"SCR00217","ena","ENA_Q1","PRJNA243592","Gut microbiome metabolites alter genomic networks in PC12 cells relevant to autism spectrum disorders","https://www.ebi.ac.uk/ena/browser/view/PRJNA243592","2026-04-02","exclude","duplicate_dataset","Duplicate of PRJNA243592 first seen in bioproject (screening_id=SCR00171)","screening_agent","1"
"SCR00218","ena","ENA_Q1","PRJNA355023","Gut microbial dysbiosis in Indian children with Autistic spectrum disorders","https://www.ebi.ac.uk/ena/browser/view/PRJNA355023","2026-04-02","include","","","screening_agent","1"
"SCR00219","ena","ENA_Q1","PRJNA355083","Gut microbiota signature in RETT syndrome","https://www.ebi.ac.uk/ena/browser/view/PRJNA355083","2026-04-02","exclude","duplicate_dataset","Duplicate of PRJNA355083 first seen in bioproject (screening_id=SCR00165)","screening_agent","1"
"SCR00220","ena","ENA_Q1","PRJNA362482","gut metagenome Metagenome","https://www.ebi.ac.uk/ena/browser/view/PRJNA362482","2026-04-02","exclude","duplicate_dataset","Duplicate of PRJNA362482 first seen in bioproject (screening_id=SCR00164)","screening_agent","1"
"SCR00221","ena","ENA_Q1","PRJNA362687","Oral microbial changes in ASD children","https://www.ebi.ac.uk/ena/browser/view/PRJNA362687","2026-04-02","exclude","duplicate_dataset","Duplicate of PRJNA362687 first seen in bioproject (screening_id=SCR00163)","screening_agent","1"
"SCR00222","ena","ENA_Q1","PRJNA431279","Mouse colon contents, colonized with human fecal samples (TD or ASD) Raw sequence reads","https://www.ebi.ac.uk/ena/browser/view/PRJNA431279","2026-04-02","exclude","duplicate_dataset","Duplicate of PRJNA431279 first seen in bioproject (screening_id=SCR00158)","screening_agent","1"
"SCR00223","ena","ENA_Q1","PRJNA432094","Gut Microbiota from Human Autism Spectrum Disorder Induces Behavioral Deficits in Mice","https://www.ebi.ac.uk/ena/browser/view/PRJNA432094","2026-04-02","exclude","duplicate_dataset","Duplicate of PRJNA432094 first seen in bioproject (screening_id=SCR00157)","screening_agent","1"
"SCR00224","ena","ENA_Q1","PRJNA436440","Metagenome Analysis of Human Gut Microbiome and its Prospective Influence in Autism","https://www.ebi.ac.uk/ena/browser/view/PRJNA436440","2026-04-02","exclude","duplicate_dataset","Duplicate of PRJNA436440 first seen in bioproject (screening_id=SCR00156)","screening_agent","1"
"SCR00225","ena","ENA_Q1","PRJNA451479","Metagenomic sequencing of gut microbiota associated with autism spectrum disorders patients","https://www.ebi.ac.uk/ena/browser/view/PRJNA451479","2026-04-02","exclude","duplicate_dataset","Duplicate of PRJNA451479 first seen in bioproject (screening_id=SCR00154)","screening_agent","1"
"SCR00226","ena","ENA_Q1","PRJNA453621","Gut microbiota analysis associated with autism spectrum disorders [16S rRNA]","https://www.ebi.ac.uk/ena/browser/view/PRJNA453621","2026-04-02","exclude","duplicate_dataset","Duplicate of PRJNA453621 first seen in bioproject (screening_id=SCR00153)","screening_agent","1"
"SCR00227","ena","ENA_Q1","PRJNA453840","Metagenomic sequencing and 16S rRNA sequence of gut microbiota associated with autism spectrum disorders patients","https://www.ebi.ac.uk/ena/browser/view/PRJNA453840","2026-04-02","exclude","duplicate_dataset","Duplicate of PRJNA453840 first seen in bioproject (screening_id=SCR00152)","screening_agent","1"
"SCR00228","ena","ENA_Q1","PRJNA516054","Whole metagenomic analysis of the enteric microbiota in children with autism spectrum disorder","https://www.ebi.ac.uk/ena/browser/view/PRJNA516054","2026-04-02","exclude","duplicate_dataset","Duplicate of PRJNA516054 first seen in bioproject (screening_id=SCR00147)","screening_agent","1"
"SCR00229","ena","ENA_Q1","PRJNA518760","microbial diversity in the saliva of ASD children- part II","https://www.ebi.ac.uk/ena/browser/view/PRJNA518760","2026-04-02","exclude","duplicate_dataset","Duplicate of PRJNA518760 first seen in bioproject (screening_id=SCR00145)","screening_agent","1"
"SCR00230","ena","ENA_Q1","PRJNA529463","Microbiome analysis of probiotic treatment in MIA ferrets","https://www.ebi.ac.uk/ena/browser/view/PRJNA529463","2026-04-02","exclude","duplicate_dataset","Duplicate of PRJNA529463 first seen in bioproject (screening_id=SCR00144)","screening_agent","1"
"SCR00231","ena","ENA_Q1","PRJNA529598","Microbiota Transfer Therapy alters gut ecosystem and improves gastrointestinal and autism symptoms","https://www.ebi.ac.uk/ena/browser/view/PRJNA529598","2026-04-02","include","","MTT open-label FMT study in 18 ASD children; pre/post microbiome comparison with long-term follow-up","screening_agent","1"
"SCR00232","ena","ENA_Q1","PRJNA530620","Autistic Symptoms and Gut Microbiota between Two Subgroups of ASD Children Based on gamma-delta T cells-derived IFN-gamma levels","https://www.ebi.ac.uk/ena/browser/view/PRJNA530620","2026-04-02","exclude","duplicate_dataset","Duplicate of PRJNA530620 first seen in bioproject (screening_id=SCR00142)","screening_agent","1"
"SCR00233","ena","ENA_Q1","PRJNA559058","The oral microbiome of ASD mother-child pairs and healthy mother-child pairs","https://www.ebi.ac.uk/ena/browser/view/PRJNA559058","2026-04-02","exclude","duplicate_dataset","Duplicate of PRJNA559058 first seen in bioproject (screening_id=SCR00139)","screening_agent","1"
"SCR00234","ena","ENA_Q1","PRJNA589343","The gut microbiota changes in Chinese children with autism spectrum disorders","https://www.ebi.ac.uk/ena/browser/view/PRJNA589343","2026-04-02","exclude","duplicate_dataset","Duplicate of PRJNA589343 first seen in bioproject (screening_id=SCR00133)","screening_agent","1"
"SCR00235","ena","ENA_Q1","PRJNA592843","Therapeutic effects of the in vitro cultured human gut microbiota as transplants on altering gut microbiota and improving symptoms associated with autism spectrum disorder","https://www.ebi.ac.uk/ena/browser/view/PRJNA592843","2026-04-02","exclude","duplicate_dataset","Duplicate of PRJNA592843 first seen in bioproject (screening_id=SCR00132)","screening_agent","1"
"SCR00236","ena","ENA_Q1","PRJNA599249","Gut microbiota of ASD children","https://www.ebi.ac.uk/ena/browser/view/PRJNA599249","2026-04-02","exclude","duplicate_dataset","Duplicate of PRJNA599249 first seen in bioproject (screening_id=SCR00129)","screening_agent","1"
"SCR00237","ena","ENA_Q1","PRJNA615774","gut microbiota in children with autism spectrum disorder accompanied with sleep disorder","https://www.ebi.ac.uk/ena/browser/view/PRJNA615774","2026-04-02","exclude","duplicate_dataset","Duplicate of PRJNA615774 first seen in bioproject (screening_id=SCR00126)","screening_agent","1"
"SCR00238","ena","ENA_Q1","PRJNA624252","16S rRNA gene sequence of autism spectrum disorder children","https://www.ebi.ac.uk/ena/browser/view/PRJNA624252","2026-04-02","exclude","duplicate_dataset","Duplicate of PRJNA624252 first seen in bioproject (screening_id=SCR00125)","screening_agent","1"
"SCR00239","ena","ENA_Q1","PRJNA639900","Fungi, Friend or Foe? A Mycobiome Evaluation in Children with Autism and Gastrointestinal Symptoms","https://www.ebi.ac.uk/ena/browser/view/PRJNA639900","2026-04-02","include","","Round 2: Confirmed 20 ASD+GI, 10 ASD-GI, 20 TD via Alookaran 2022; ITS; gut","screening_agent","2"
"SCR00240","ena","ENA_Q1","PRJNA642975","16s rRNA amplicon sequencing of fecal samples from Chinese children with autism spectrum disorder","https://www.ebi.ac.uk/ena/browser/view/PRJNA642975","2026-04-02","exclude","duplicate_dataset","Duplicate of PRJNA642975 first seen in bioproject (screening_id=SCR00124)","screening_agent","1"
"SCR00241","ena","ENA_Q1","PRJNA644730","human gut metagenome Raw sequence reads","https://www.ebi.ac.uk/ena/browser/view/PRJNA644730","2026-04-02","exclude","duplicate_dataset","Duplicate of PRJNA644730 first seen in bioproject (screening_id=SCR00123)","screening_agent","1"
"SCR00242","ena","ENA_Q1","PRJNA644763","Study on the gut microbiota in autism children and their mothers","https://www.ebi.ac.uk/ena/browser/view/PRJNA644763","2026-04-02","exclude","duplicate_dataset","Duplicate of PRJNA644763 first seen in bioproject (screening_id=SCR00122)","screening_agent","1"
"SCR00243","ena","ENA_Q1","PRJNA675093","Fecal microbiome of children with autism spectrum disorder following probiotic and oxytocin supplementation","https://www.ebi.ac.uk/ena/browser/view/PRJNA675093","2026-04-02","exclude","duplicate_dataset","Duplicate of PRJNA675093 first seen in bioproject (screening_id=SCR00119)","screening_agent","1"
"SCR00244","ena","ENA_Q1","PRJNA687773","Fecal microbiome of children with autism spectrum disorder, their mothers, and healthy children","https://www.ebi.ac.uk/ena/browser/view/PRJNA687773","2026-04-02","exclude","duplicate_dataset","Duplicate of PRJNA687773 first seen in bioproject (screening_id=SCR00117)","screening_agent","1"
"SCR00245","ena","ENA_Q1","PRJNA691555","Tongue microbiome associated with autism","https://www.ebi.ac.uk/ena/browser/view/PRJNA691555","2026-04-02","exclude","duplicate_dataset","Duplicate of PRJNA691555 first seen in bioproject (screening_id=SCR00116)","screening_agent","1"
"SCR00246","ena","ENA_Q1","PRJNA701402","Children with Attention-Deficit Hyperactivity Disorder or Autism spectrum disorder have distinct and shared microbiota compositions","https://www.ebi.ac.uk/ena/browser/view/PRJNA701402","2026-04-02","exclude","duplicate_dataset","Duplicate of PRJNA701402 first seen in bioproject (screening_id=SCR00114)","screening_agent","1"
"SCR00247","ena","ENA_Q1","PRJNA708345","Autism-Associated Variant in the SLC6A3 Gene Alters the Oral Microbiome and Metabolism in a Murine Model","https://www.ebi.ac.uk/ena/browser/view/PRJNA708345","2026-04-02","exclude","duplicate_dataset","Duplicate of PRJNA708345 first seen in bioproject (screening_id=SCR00113)","screening_agent","1"
"SCR00248","ena","ENA_Q1","PRJNA713927","Altered gut microbiome and autism-like behavior are associated with parental high salt diet in male mice","https://www.ebi.ac.uk/ena/browser/view/PRJNA713927","2026-04-02","exclude","duplicate_dataset","Duplicate of PRJNA713927 first seen in bioproject (screening_id=SCR00112)","screening_agent","1"
"SCR00249","ena","ENA_Q1","PRJNA715668","human gut metagenome Targeted Locus (Loci)","https://www.ebi.ac.uk/ena/browser/view/PRJNA715668","2026-04-02","exclude","duplicate_dataset","Duplicate of PRJNA715668 first seen in bioproject (screening_id=SCR00111)","screening_agent","1"
"SCR00250","ena","ENA_Q1","PRJNA724745","16SrRNA from gut-microbiota of a mouse orally exposed to p-Cresol through drinkwater","https://www.ebi.ac.uk/ena/browser/view/PRJNA724745","2026-04-02","exclude","duplicate_dataset","Duplicate of PRJNA724745 first seen in bioproject (screening_id=SCR00110)","screening_agent","1"
"SCR00251","ena","ENA_Q1","PRJNA739812","mouse gut metagenome Metagenome","https://www.ebi.ac.uk/ena/browser/view/PRJNA739812","2026-04-02","exclude","duplicate_dataset","Duplicate of PRJNA739812 first seen in bioproject (screening_id=SCR00109)","screening_agent","1"
"SCR00252","ena","ENA_Q1","PRJNA744027","China ASD Children gut microbiota 16S sequencing","https://www.ebi.ac.uk/ena/browser/view/PRJNA744027","2026-04-02","exclude","duplicate_dataset","Duplicate of PRJNA744027 first seen in bioproject (screening_id=SCR00108)","screening_agent","1"
"SCR00253","ena","ENA_Q1","PRJNA746094","Multi-omics signature of Autism Spectral Disorder reveals novel microbial macromolecules","https://www.ebi.ac.uk/ena/browser/view/PRJNA746094","2026-04-02","exclude","duplicate_dataset","Duplicate of PRJNA746094 first seen in bioproject (screening_id=SCR00107)","screening_agent","1"
"SCR00254","ena","ENA_Q1","PRJNA746736","16S rRNA gene sequence analysis of mice","https://www.ebi.ac.uk/ena/browser/view/PRJNA746736","2026-04-02","exclude","duplicate_dataset","Duplicate of PRJNA746736 first seen in bioproject (screening_id=SCR00106)","screening_agent","1"
"SCR00255","ena","ENA_Q1","PRJNA747052","Microbial community sequencing and host transcripts sequencing in the Shank3 mouse model of autism spectrum disorder","https://www.ebi.ac.uk/ena/browser/view/PRJNA747052","2026-04-02","exclude","duplicate_dataset","Duplicate of PRJNA747052 first seen in bioproject (screening_id=SCR00105)","screening_agent","1"
"SCR00256","ena","ENA_Q1","PRJNA754695","Gut microbiota profile in Autism Spectrum Disorders patients","https://www.ebi.ac.uk/ena/browser/view/PRJNA754695","2026-04-02","exclude","duplicate_dataset","Duplicate of PRJNA754695 first seen in bioproject (screening_id=SCR00104)","screening_agent","1"
"SCR00257","ena","ENA_Q1","PRJNA758217","the effect and mechanism of fecal bacteria transplantation on Autistic Spectrum Disorder","https://www.ebi.ac.uk/ena/browser/view/PRJNA758217","2026-04-02","exclude","duplicate_dataset","Duplicate of PRJNA758217 first seen in bioproject (screening_id=SCR00103)","screening_agent","1"
"SCR00258","ena","ENA_Q1","PRJNA764443","Shotgun metagenomic sequencing in the Shank3 mouse model of autism spectrum disorder","https://www.ebi.ac.uk/ena/browser/view/PRJNA764443","2026-04-02","exclude","non_human","Animal model study based on title/description","screening_agent","1"
"SCR00259","ena","ENA_Q1","PRJNA769228","Gut microbial profile is associated with the severity of social impairment and IQ performance in children with autism spectrum disorders","https://www.ebi.ac.uk/ena/browser/view/PRJNA769228","2026-04-02","exclude","duplicate_dataset","Duplicate of PRJNA769228 first seen in bioproject (screening_id=SCR00100)","screening_agent","1"
"SCR00260","ena","ENA_Q1","PRJNA782533","Metagenomic study of the gut microbiome associated with autism spectrum disorders and their potential change after Microbiota Transfer Therapy","https://www.ebi.ac.uk/ena/browser/view/PRJNA782533","2026-04-02","exclude","duplicate_dataset","Duplicate of PRJNA782533 first seen in bioproject (screening_id=SCR00099)","screening_agent","1"
"SCR00261","ena","ENA_Q1","PRJNA786259","Homo sapiens Raw sequence reads","https://www.ebi.ac.uk/ena/browser/view/PRJNA786259","2026-04-02","exclude","duplicate_dataset","Duplicate of PRJNA786259 first seen in bioproject (screening_id=SCR00098)","screening_agent","1"
"SCR00262","ena","ENA_Q1","PRJNA789567","Faecal microbial transfer in the Shank3B mouse model of autism spectrum disorder","https://www.ebi.ac.uk/ena/browser/view/PRJNA789567","2026-04-02","exclude","non_human","Animal model study based on title/description","screening_agent","1"
"SCR00263","ena","ENA_Q1","PRJNA801712","The role of probiotics in children with autism spectrum disorders","https://www.ebi.ac.uk/ena/browser/view/PRJNA801712","2026-04-02","exclude","duplicate_dataset","Duplicate of PRJNA801712 first seen in bioproject (screening_id=SCR00097)","screening_agent","1"
"SCR00264","ena","ENA_Q1","PRJNA813424","microbiome, mycobiome and sncRNAs of children with autism spectrum disorders","https://www.ebi.ac.uk/ena/browser/view/PRJNA813424","2026-04-02","exclude","duplicate_dataset","Related/derived from PRJNA814201, already screened (screening_id=SCR00095)","screening_agent","1"
"SCR00265","ena","ENA_Q1","PRJNA814201","Analysis of small ncRNAs in stool samples from ASD patients","https://www.ebi.ac.uk/ena/browser/view/PRJNA814201","2026-04-02","exclude","duplicate_dataset","Duplicate of PRJNA814201 first seen in bioproject (screening_id=SCR00095)","screening_agent","1"
"SCR00266","ena","ENA_Q1","PRJNA815491","A preliminary investigation on the relationship between gut microbiota and gene expressions in peripheral mononuclear cells of infants with autism spectrum disorders","https://www.ebi.ac.uk/ena/browser/view/PRJNA815491","2026-04-02","exclude","duplicate_dataset","Duplicate of PRJNA815491 first seen in bioproject (screening_id=SCR00094)","screening_agent","1"
"SCR00267","ena","ENA_Q1","PRJNA837206","Melatonin and autism","https://www.ebi.ac.uk/ena/browser/view/PRJNA837206","2026-04-02","exclude","duplicate_dataset","Duplicate of PRJNA837206 first seen in bioproject (screening_id=SCR00092)","screening_agent","1"
"SCR00268","ena","ENA_Q1","PRJNA842719","16S rRNA-seq of gut microbiota from fetal alcohol spectrum disorders (FASD) mice","https://www.ebi.ac.uk/ena/browser/view/PRJNA842719","2026-04-02","exclude","non_human","Animal model study based on title/description","screening_agent","1"
"SCR00269","ena","ENA_Q1","PRJNA845014","gut microbiota in autism Raw sequence reads","https://www.ebi.ac.uk/ena/browser/view/PRJNA845014","2026-04-02","exclude","duplicate_dataset","Duplicate of PRJNA845014 first seen in bioproject (screening_id=SCR00089)","screening_agent","1"
"SCR00270","ena","ENA_Q1","PRJNA854167","Impact of OMEGA-3 nutrition on stool microbiome of autistic mice","https://www.ebi.ac.uk/ena/browser/view/PRJNA854167","2026-04-02","exclude","duplicate_dataset","Duplicate of PRJNA854167 first seen in bioproject (screening_id=SCR00088)","screening_agent","1"
"SCR00271","ena","ENA_Q1","PRJNA857187","Microbiota-Indole 3-Propionic Acid-Brain Axis Mediates Abnormal Synaptic Pruning of Hippocampal Microglia and Susceptibility to ASD in IUGR Offsprings","https://www.ebi.ac.uk/ena/browser/view/PRJNA857187","2026-04-02","exclude","duplicate_dataset","Duplicate of PRJNA857187 first seen in bioproject (screening_id=SCR00087)","screening_agent","1"
"SCR00272","ena","ENA_Q1","PRJNA910918","ASD patients gut metagenome 1st set of sample Metagenome","https://www.ebi.ac.uk/ena/browser/view/PRJNA910918","2026-04-02","exclude","duplicate_dataset","Duplicate of PRJNA910918 first seen in bioproject (screening_id=SCR00084)","screening_agent","1"
"SCR00273","ena","ENA_Q1","PRJNA915328","Human Gut Microbiota from Autism Change the behavior of honeybees","https://www.ebi.ac.uk/ena/browser/view/PRJNA915328","2026-04-02","exclude","duplicate_dataset","Duplicate of PRJNA915328 first seen in bioproject (screening_id=SCR00083)","screening_agent","1"
"SCR00274","ena","ENA_Q1","PRJNA917543","Analysis of gut microbiota profiles and their associations in children with autism spectrum disorders in Bangladesh","https://www.ebi.ac.uk/ena/browser/view/PRJNA917543","2026-04-02","exclude","duplicate_dataset","Duplicate of PRJNA917543 first seen in bioproject (screening_id=SCR00082)","screening_agent","1"
"SCR00275","ena","ENA_Q1","PRJNA928241","Gut microbiome of autism spectrum disorder's patients in Thailand","https://www.ebi.ac.uk/ena/browser/view/PRJNA928241","2026-04-02","exclude","duplicate_dataset","Duplicate of PRJNA928241 first seen in bioproject (screening_id=SCR00079)","screening_agent","1"
"SCR00276","ena","ENA_Q1","PRJNA932561","autistic children Raw sequence reads","https://www.ebi.ac.uk/ena/browser/view/PRJNA932561","2026-04-02","exclude","duplicate_dataset","Duplicate of PRJNA932561 first seen in bioproject (screening_id=SCR00078)","screening_agent","1"
"SCR00277","ena","ENA_Q1","PRJNA938142","Acetate supplementation rescues social deficits and alters transcriptional regulation in prefrontal cortex of Shank3 deficient mice","https://www.ebi.ac.uk/ena/browser/view/PRJNA938142","2026-04-02","exclude","duplicate_dataset","Duplicate of PRJNA938142 first seen in bioproject (screening_id=SCR00077)","screening_agent","1"
"SCR00278","ena","ENA_Q1","PRJNA941891","16S amplicon data for pediatric ASD patients receiving probiotic intervention with VISBIOME","https://www.ebi.ac.uk/ena/browser/view/PRJNA941891","2026-04-02","exclude","duplicate_dataset","Duplicate of PRJNA941891 first seen in bioproject (screening_id=SCR00075)","screening_agent","1"
"SCR00279","ena","ENA_Q1","PRJNA943687","Faecal metagenome of children with autism spectrum disorder and children that are neurotypical","https://www.ebi.ac.uk/ena/browser/view/PRJNA943687","2026-04-02","exclude","duplicate_dataset","Duplicate of PRJNA943687 first seen in bioproject (screening_id=SCR00074)","screening_agent","1"
"SCR00280","ena","ENA_Q1","PRJNA952791","Microbiota of ASD and neurotypical human and humanized-mouse fecal samples","https://www.ebi.ac.uk/ena/browser/view/PRJNA952791","2026-04-02","exclude","duplicate_dataset","Duplicate of PRJNA952791 first seen in bioproject (screening_id=SCR00073)","screening_agent","1"
"SCR00281","ena","ENA_Q1","PRJNA953169","Gut microbiota and metabolomics in child with autism spectrum disorder","https://www.ebi.ac.uk/ena/browser/view/PRJNA953169","2026-04-02","exclude","duplicate_dataset","Duplicate of PRJNA953169 first seen in bioproject (screening_id=SCR00072)","screening_agent","1"
"SCR00282","ena","ENA_Q1","PRJNA972634","Human feces Raw sequence reads","https://www.ebi.ac.uk/ena/browser/view/PRJNA972634","2026-04-02","exclude","duplicate_dataset","Duplicate of PRJNA972634 first seen in bioproject (screening_id=SCR00069)","screening_agent","1"
"SCR00283","ena","ENA_Q1","PRJNA988151","Nutrition and gut microbiota in Autism Spectrum Disorder children","https://www.ebi.ac.uk/ena/browser/view/PRJNA988151","2026-04-02","exclude","duplicate_dataset","Duplicate of PRJNA988151 first seen in bioproject (screening_id=SCR00067)","screening_agent","1"
"SCR00284","ena","ENA_Q1","PRJNA1018541","Therapeutic efficacy of Sulforaphane in autism spectrum disorders and its association with gut microbiota","https://www.ebi.ac.uk/ena/browser/view/PRJNA1018541","2026-04-02","exclude","duplicate_dataset","Duplicate of PRJNA1018541 first seen in bioproject (screening_id=SCR00063)","screening_agent","1"
"SCR00285","ena","ENA_Q1","PRJNA1018910","Therapeutic efficacy of Sulforaphane in autism spectrum disorders and its association with gut microbiota","https://www.ebi.ac.uk/ena/browser/view/PRJNA1018910","2026-04-02","exclude","duplicate_dataset","Duplicate of PRJNA1018910 first seen in bioproject (screening_id=SCR00062)","screening_agent","1"
"SCR00286","ena","ENA_Q1","PRJNA1037036","human stool sample","https://www.ebi.ac.uk/ena/browser/view/PRJNA1037036","2026-04-02","include","","Metagenomics data for pediatric ASD and neurotypical children","screening_agent","1"
"SCR00287","ena","ENA_Q1","PRJNA1038701","Gut-brain axis: role of the gut microbiota in the effects induced by cocaine","https://www.ebi.ac.uk/ena/browser/view/PRJNA1038701","2026-04-02","exclude","duplicate_dataset","Duplicate of PRJNA1038701 first seen in bioproject (screening_id=SCR00059)","screening_agent","1"
"SCR00288","ena","ENA_Q1","PRJNA1046003","Microbiome AI decision-making: Autism Spectrum Disorder in children from Bosnia and Herzegovina","https://www.ebi.ac.uk/ena/browser/view/PRJNA1046003","2026-04-02","exclude","duplicate_dataset","Duplicate of PRJNA1046003 first seen in bioproject (screening_id=SCR00058)","screening_agent","1"
"SCR00289","ena","ENA_Q1","PRJNA1047541","Gut microbiota of children with ASD","https://www.ebi.ac.uk/ena/browser/view/PRJNA1047541","2026-04-02","exclude","duplicate_dataset","Duplicate of PRJNA1047541 first seen in bioproject (screening_id=SCR00055)","screening_agent","1"
"SCR00290","ena","ENA_Q1","PRJNA1057995","Analysis of the gut virome in children with autism","https://www.ebi.ac.uk/ena/browser/view/PRJNA1057995","2026-04-02","exclude","duplicate_dataset","Duplicate of PRJNA1057995 first seen in bioproject (screening_id=SCR00053)","screening_agent","1"
"SCR00291","ena","ENA_Q1","PRJNA1080644","gut metagenome from mouse feces Raw sequence reads","https://www.ebi.ac.uk/ena/browser/view/PRJNA1080644","2026-04-02","exclude","duplicate_dataset","Duplicate of PRJNA1080644 first seen in bioproject (screening_id=SCR00051)","screening_agent","1"
"SCR00292","ena","ENA_Q1","PRJNA1083497","Supplier-origin microbiome affect host behavior and growth of an autism mouse model","https://www.ebi.ac.uk/ena/browser/view/PRJNA1083497","2026-04-02","exclude","duplicate_dataset","Duplicate of PRJNA1083497 first seen in bioproject (screening_id=SCR00050)","screening_agent","1"
"SCR00293","ena","ENA_Q1","PRJNA1085546","stool sample from ASD children gut Raw sequence reads","https://www.ebi.ac.uk/ena/browser/view/PRJNA1085546","2026-04-02","exclude","duplicate_dataset","Duplicate of PRJNA1085546 first seen in bioproject (screening_id=SCR00049)","screening_agent","1"
"SCR00294","ena","ENA_Q1","PRJNA1088255","Mapping the Geographical Distribution of the Mucosa-Associated Gut Microbiome in GI-Symptomatic Children with Autism","https://www.ebi.ac.uk/ena/browser/view/PRJNA1088255","2026-04-02","exclude","duplicate_dataset","Duplicate of PRJNA1088255 first seen in bioproject (screening_id=SCR00048)","screening_agent","1"
"SCR00295","ena","ENA_Q1","PRJNA1090096","ASD and Microbiota","https://www.ebi.ac.uk/ena/browser/view/PRJNA1090096","2026-04-02","exclude","duplicate_dataset","Duplicate of PRJNA1090096 first seen in bioproject (screening_id=SCR00047)","screening_agent","1"
"SCR00296","ena","ENA_Q1","PRJNA1103334","Integrated analysis of metabolome and microbiome in a mouse model of sodium valproate-induced autism","https://www.ebi.ac.uk/ena/browser/view/PRJNA1103334","2026-04-02","exclude","duplicate_dataset","Duplicate of PRJNA1103334 first seen in bioproject (screening_id=SCR00046)","screening_agent","1"
"SCR00297","ena","ENA_Q1","PRJNA1103839","Gut microbiota Autism spectrum disorder and neurotypical children","https://www.ebi.ac.uk/ena/browser/view/PRJNA1103839","2026-04-02","exclude","duplicate_dataset","Duplicate of PRJNA1103839 first seen in bioproject (screening_id=SCR00045)","screening_agent","1"
"SCR00298","ena","ENA_Q1","PRJNA1110582","study of microbial diversity in gut","https://www.ebi.ac.uk/ena/browser/view/PRJNA1110582","2026-04-02","exclude","not_asd","Generic 'study of microbial diversity in gut'; no explicit ASD phenotype in available metadata","screening_agent","1"
"SCR00299","ena","ENA_Q1","PRJNA1112427","Effects of low FODMAP diet and probiotics on behavioral problems and gut microbiota in children with autism spectrum disorder","https://www.ebi.ac.uk/ena/browser/view/PRJNA1112427","2026-04-02","exclude","duplicate_dataset","Duplicate of PRJNA1112427 first seen in bioproject (screening_id=SCR00044)","screening_agent","1"
"SCR00300","ena","ENA_Q1","PRJNA1116522","Changes in tongue-coating microbiota and its predictive role in treatment outcomes following washed microbiota transplantation in children with autism","https://www.ebi.ac.uk/ena/browser/view/PRJNA1116522","2026-04-02","exclude","duplicate_dataset","Duplicate of PRJNA1116522 first seen in bioproject (screening_id=SCR00043)","screening_agent","1"
"SCR00301","ena","ENA_Q1","PRJNA1121380","Colombian Children gut microbiota","https://www.ebi.ac.uk/ena/browser/view/PRJNA1121380","2026-04-02","exclude","duplicate_dataset","Duplicate of PRJNA1121380 first seen in bioproject (screening_id=SCR00042)","screening_agent","1"
"SCR00302","ena","ENA_Q1","PRJNA1136218","Correction of batch effect in gut microbiota profiling of ASD cohorts from different geographical origin","https://www.ebi.ac.uk/ena/browser/view/PRJNA1136218","2026-04-02","exclude","duplicate_dataset","Duplicate of PRJNA1136218 first seen in bioproject (screening_id=SCR00040)","screening_agent","1"
"SCR00303","ena","ENA_Q1","PRJNA1141738","Metagenomics of fecal microbiota in children with ASD","https://www.ebi.ac.uk/ena/browser/view/PRJNA1141738","2026-04-02","exclude","duplicate_dataset","Duplicate of PRJNA1141738 first seen in bioproject (screening_id=SCR00039)","screening_agent","1"
"SCR00304","ena","ENA_Q1","PRJNA1149350","Impact of Washed Microbiota Transplantation on the Colonic in situ Microbiota of Children with Autism","https://www.ebi.ac.uk/ena/browser/view/PRJNA1149350","2026-04-02","exclude","no_control_group","Round 2: WMT intervention; 254 ASD samples only; no healthy controls","screening_agent","2"
"SCR00305","ena","ENA_Q1","PRJNA1155863","Metataxonomic and immunological analysis of feces from children with or without Phelan-McDermid syndrome","https://www.ebi.ac.uk/ena/browser/view/PRJNA1155863","2026-04-02","exclude","duplicate_dataset","Duplicate of PRJNA1155863 first seen in bioproject (screening_id=SCR00037)","screening_agent","1"
"SCR00306","ena","ENA_Q1","PRJNA1199347","Gut microbiota in children with autism","https://www.ebi.ac.uk/ena/browser/view/PRJNA1199347","2026-04-02","exclude","duplicate_dataset","Duplicate of PRJNA1199347 first seen in bioproject (screening_id=SCR00033)","screening_agent","1"
"SCR00307","ena","ENA_Q1","PRJNA1207206","Gut microbiota diversity and composition in children with autism spectrum disorder","https://www.ebi.ac.uk/ena/browser/view/PRJNA1207206","2026-04-02","exclude","duplicate_dataset","Duplicate of PRJNA1207206 first seen in bioproject (screening_id=SCR00032)","screening_agent","1"
"SCR00308","ena","ENA_Q1","PRJNA1222609","Comprehensive analysis of gut microbiota and fecal metabolites in patients with autism spectrum disorder","https://www.ebi.ac.uk/ena/browser/view/PRJNA1222609","2026-04-02","exclude","duplicate_dataset","Duplicate of PRJNA1222609 first seen in bioproject (screening_id=SCR00031)","screening_agent","1"
"SCR00309","ena","ENA_Q1","PRJNA1249993","Gut Microbiota Modulation by FMT Rescues Autism-like Phenotypes and Prefrontal E/I Imbalance in ASD Mice","https://www.ebi.ac.uk/ena/browser/view/PRJNA1249993","2026-04-02","exclude","duplicate_dataset","Duplicate of PRJNA1249993 first seen in bioproject (screening_id=SCR00029)","screening_agent","1"
"SCR00310","ena","ENA_Q1","PRJNA1250271","Genomic Sequencing of Fecal Isolates from Autistic or Healthy Children","https://www.ebi.ac.uk/ena/browser/view/PRJNA1250271","2026-04-02","exclude","duplicate_dataset","Duplicate of PRJNA1250271 first seen in bioproject (screening_id=SCR00028)","screening_agent","1"
"SCR00311","ena","ENA_Q1","PRJNA1273336","Gut Microbiota Characteristics and the Efficacy of Fecal Microbiota Transplantation in Children with Autism Spectrum Disorder in Central China","https://www.ebi.ac.uk/ena/browser/view/PRJNA1273336","2026-04-02","exclude","duplicate_dataset","Duplicate of PRJNA1273336 first seen in bioproject (screening_id=SCR00025)","screening_agent","1"
"SCR00312","ena","ENA_Q1","PRJNA1274164","A novel synbiotic (SCM06) for anxiety and sensory hyperresponsiveness in children with autism spectrum disorder: an open-label pilot study","https://www.ebi.ac.uk/ena/browser/view/PRJNA1274164","2026-04-02","exclude","duplicate_dataset","Duplicate of PRJNA1274164 first seen in bioproject (screening_id=SCR00023)","screening_agent","1"
"SCR00313","ena","ENA_Q1","PRJNA1274925","Gut microbiota diversity is altered in a sex-dependent manner in Shank3B heterozygote mice","https://www.ebi.ac.uk/ena/browser/view/PRJNA1274925","2026-04-02","exclude","duplicate_dataset","Duplicate of PRJNA1274925 first seen in bioproject (screening_id=SCR00022)","screening_agent","1"
"SCR00314","ena","ENA_Q1","PRJNA1276154","Metagenomic sequence of human feces","https://www.ebi.ac.uk/ena/browser/view/PRJNA1276154","2026-04-02","exclude","not_microbiome_sequencing","No evidence of microbiome sequencing in title or description","screening_agent","1"
"SCR00315","ena","ENA_Q1","PRJNA1277165","Gut Microbiota and Urine Metabolomics Signature in Autism Spectrum Disorder children from Southern China","https://www.ebi.ac.uk/ena/browser/view/PRJNA1277165","2026-04-02","exclude","duplicate_dataset","Duplicate of PRJNA1277165 first seen in bioproject (screening_id=SCR00021)","screening_agent","1"
"SCR00316","ena","ENA_Q1","PRJNA1280289","Gut Microbiota Composition and Phylogenetic Analysis in Autism Spectrum Disorder: A Comparative Study","https://www.ebi.ac.uk/ena/browser/view/PRJNA1280289","2026-04-02","exclude","duplicate_dataset","Duplicate of PRJNA1280289 first seen in bioproject (screening_id=SCR00020)","screening_agent","1"
"SCR00317","ena","ENA_Q1","PRJNA1282650","Retrospective review: single- and multidonor washed microbiota transplantation have equivalent efficacy in the treatment of autism","https://www.ebi.ac.uk/ena/browser/view/PRJNA1282650","2026-04-02","exclude","no_control_group","Round 2: Single vs multidonor WMT comparison; 44 ASD patients only","screening_agent","2"
"SCR00318","ena","ENA_Q1","PRJNA1295997","novel microbiota and the gut-brain axis in ASD individuals","https://www.ebi.ac.uk/ena/browser/view/PRJNA1295997","2026-04-02","exclude","no_control_group","Round 2: 20 runs from non-verbal ASD; no controls; no publication","screening_agent","2"
"SCR00319","ena","ENA_Q1","PRJNA1304930","SPIND","https://www.ebi.ac.uk/ena/browser/view/PRJNA1304930","2026-04-02","exclude","duplicate_dataset","Duplicate of PRJNA1304930 first seen in bioproject (screening_id=SCR00018)","screening_agent","1"
"SCR00320","ena","ENA_Q1","PRJNA1307773","Metagenomic data on adolescents with autism spectrum disorder","https://www.ebi.ac.uk/ena/browser/view/PRJNA1307773","2026-04-02","exclude","duplicate_dataset","Duplicate of PRJNA1307773 first seen in bioproject (screening_id=SCR00017)","screening_agent","1"
"SCR00321","ena","ENA_Q1","PRJNA1307800","Gut microbiota","https://www.ebi.ac.uk/ena/browser/view/PRJNA1307800","2026-04-02","exclude","duplicate_dataset","Duplicate of PRJNA1307800 first seen in bioproject (screening_id=SCR00016)","screening_agent","1"
"SCR00322","ena","ENA_Q1","PRJNA1314238","K11 Probiotic Mix","https://www.ebi.ac.uk/ena/browser/view/PRJNA1314238","2026-04-02","exclude","not_microbiome_sequencing","No evidence of microbiome sequencing in title or description","screening_agent","1"
"SCR00323","ena","ENA_Q1","PRJNA1314996","K11 Probiotic Mix","https://www.ebi.ac.uk/ena/browser/view/PRJNA1314996","2026-04-02","exclude","not_microbiome_sequencing","No evidence of microbiome sequencing in title or description","screening_agent","1"
"SCR00324","ena","ENA_Q1","PRJNA1322369","Human viral metagenome","https://www.ebi.ac.uk/ena/browser/view/PRJNA1322369","2026-04-02","exclude","duplicate_dataset","Duplicate of PRJNA1322369 first seen in bioproject (screening_id=SCR00015)","screening_agent","1"
"SCR00325","ena","ENA_Q1","PRJNA1327885","Autism-Microbiota","https://www.ebi.ac.uk/ena/browser/view/PRJNA1327885","2026-04-02","exclude","duplicate_dataset","Duplicate of PRJNA1327885 first seen in bioproject (screening_id=SCR00014)","screening_agent","1"
"SCR00326","ena","ENA_Q1","PRJNA1368445","16s RNA sequencing","https://www.ebi.ac.uk/ena/browser/view/PRJNA1368445","2026-04-02","exclude","duplicate_dataset","Duplicate of PRJNA1368445 first seen in bioproject (screening_id=SCR00011)","screening_agent","1"
"SCR00327","ena","ENA_Q1","PRJNA1377943","Dissecting the gut microbiome in multiplex autism spectrum disorder families","https://www.ebi.ac.uk/ena/browser/view/PRJNA1377943","2026-04-02","exclude","duplicate_dataset","Duplicate of PRJNA1377943 first seen in bioproject (screening_id=SCR00009)","screening_agent","1"
"SCR00328","ena","ENA_Q1","PRJNA1393140","Gut microbiota and its association with gastrointestinal symptoms and pharmacological treatments in a sibling-matched cohort with autism spectrum disorder in Uruguay","https://www.ebi.ac.uk/ena/browser/view/PRJNA1393140","2026-04-02","exclude","duplicate_dataset","Duplicate of PRJNA1393140 first seen in bioproject (screening_id=SCR00006)","screening_agent","1"
"SCR00329","ena","ENA_Q1","PRJNA1406237","Mouse Autism Research","https://www.ebi.ac.uk/ena/browser/view/PRJNA1406237","2026-04-02","exclude","duplicate_dataset","Duplicate of PRJNA1406237 first seen in bioproject (screening_id=SCR00005)","screening_agent","1"
"SCR00330","ena","ENA_Q1","PRJNA1425957","Analysis of microbial diversity and function on ASD gut microbiota","https://www.ebi.ac.uk/ena/browser/view/PRJNA1425957","2026-04-02","exclude","duplicate_dataset","Duplicate of PRJNA1425957 first seen in bioproject (screening_id=SCR00004)","screening_agent","1"
"SCR00331","ena","ENA_Q1","PRJNA1432034","Gut Microbiome Changes Following Antibiotic Treatment in a Maternal Immune Activation Model","https://www.ebi.ac.uk/ena/browser/view/PRJNA1432034","2026-04-02","exclude","duplicate_dataset","Duplicate of PRJNA1432034 first seen in bioproject (screening_id=SCR00002)","screening_agent","1"
"SCR00332","ena","ENA_Q1","PRJNA613632","Meningeal gd T cells regulate anxiety like behaviors via Il17a signaling on Neurons (PFC neurons)","https://www.ebi.ac.uk/ena/browser/view/PRJNA613632","2026-04-02","exclude","non_human","Organism=Mus musculus; animal model study","screening_agent","1"
"SCR00333","ena","ENA_Q1","PRJNA613633","Meningeal gd T cells regulate anxiety like behaviors via Il17a signaling on Neurons (DG neurons)","https://www.ebi.ac.uk/ena/browser/view/PRJNA613633","2026-04-02","exclude","non_human","Organism=Mus musculus; animal model study","screening_agent","1"
"SCR00334","ena","ENA_Q1","PRJNA811189","A common epigenetic mechanism across different cellular origins underlies systemic immune dysregulation in an idiopathic autism mouse model","https://www.ebi.ac.uk/ena/browser/view/PRJNA811189","2026-04-02","exclude","duplicate_dataset","Duplicate of PRJNA811189 first seen in bioproject (screening_id=SCR00183)","screening_agent","1"
"SCR00335","ena","ENA_Q1","PRJNA1258689","Exploring the Role of Gut Microbiota and Metabolomic Changes on Singing in Zebra Finches","https://www.ebi.ac.uk/ena/browser/view/PRJNA1258689","2026-04-02","exclude","duplicate_dataset","Duplicate of PRJNA1258689 first seen in bioproject (screening_id=SCR00027)","screening_agent","1"
"SCR00336","ena","ENA_Q1","PRJNA697879","MIPP-Seq: Ultra-sensitive rapid detection and validation of low-frequency mosaic mutations","https://www.ebi.ac.uk/ena/browser/view/PRJNA697879","2026-04-02","exclude","not_microbiome_sequencing","No evidence of microbiome sequencing in title or description","screening_agent","1"
"SCR00337","ena","ENA_Q2","PRJEB32974","Targeted next-generation sequencing in children with intellectual disabilities, autism spectrum disorders and multiple congenital abnormalities","https://www.ebi.ac.uk/ena/browser/view/PRJEB32974","2026-04-02","exclude","not_microbiome_sequencing","Host genomics/genetics/transcriptomics study, not microbiome sequencing","screening_agent","1"
"SCR00338","ena","ENA_Q2","PRJEB63996","CRISPR screening of autism risk genes in brain organoids","https://www.ebi.ac.uk/ena/browser/view/PRJEB63996","2026-04-02","exclude","not_microbiome_sequencing","Host genomics/genetics/transcriptomics study, not microbiome sequencing","screening_agent","1"
"SCR00339","ena","ENA_Q2","PRJEB64174","Single-cell CRISPR screening of autism risk genes in brain organoids","https://www.ebi.ac.uk/ena/browser/view/PRJEB64174","2026-04-02","exclude","not_microbiome_sequencing","Host genomics/genetics/transcriptomics study, not microbiome sequencing","screening_agent","1"
"SCR00340","ena","ENA_Q2","PRJEB57750","Autism Spectrum Disorders","https://www.ebi.ac.uk/ena/browser/view/PRJEB57750","2026-04-02","exclude","not_microbiome_sequencing","No evidence of microbiome sequencing in title or description","screening_agent","1"
"SCR00341","ena","ENA_Q2","PRJEB44446","Novel candidate genes, including MIS18BP1, for Autism Spectrum Disorders identified by whole-exome sequencing in the Lebanese population","https://www.ebi.ac.uk/ena/browser/view/PRJEB44446","2026-04-02","exclude","not_microbiome_sequencing","Host genomics/genetics/transcriptomics study, not microbiome sequencing","screening_agent","1"
"SCR00342","ena","ENA_Q2","PRJEB101865","MTHFR C677T is not associated with autism spectrum disorder in a Mexican cohort","https://www.ebi.ac.uk/ena/browser/view/PRJEB101865","2026-04-02","exclude","not_microbiome_sequencing","No evidence of microbiome sequencing in title or description","screening_agent","1"
"SCR00343","ena","ENA_Q2","PRJEB106500","Comprehensive mtDNA variant analysis in Turkish pediatric ASD cohort","https://www.ebi.ac.uk/ena/browser/view/PRJEB106500","2026-04-02","exclude","not_microbiome_sequencing","No evidence of microbiome sequencing in title or description","screening_agent","1"
"SCR00344","ena","ENA_Q2","PRJEB14713","Whole-genome sequencing expands the mutational spectrum of autism with novel genes, causative CNVs and chromosomal rearrangements","https://www.ebi.ac.uk/ena/browser/view/PRJEB14713","2026-04-02","exclude","not_microbiome_sequencing","Host genomics/genetics/transcriptomics study, not microbiome sequencing","screening_agent","1"
"SCR00345","ena","ENA_Q2","PRJEB29726","RNA-seq of 36 individuals with autism spectrum disorder","https://www.ebi.ac.uk/ena/browser/view/PRJEB29726","2026-04-02","exclude","not_microbiome_sequencing","Host genomics/genetics/transcriptomics study, not microbiome sequencing","screening_agent","1"
"SCR00346","ena","ENA_Q2","PRJEB34706","whole genome DNA sequence analysis in patients with autism spectrum disorder and their families","https://www.ebi.ac.uk/ena/browser/view/PRJEB34706","2026-04-02","exclude","not_microbiome_sequencing","No evidence of microbiome sequencing in title or description","screening_agent","1"
"SCR00347","ena","ENA_Q2","PRJEB43914","Novel candidate genes, including MIS18BP1, for Autism Spectrum Disorders identified by whole-exome sequencing in the Lebanese population","https://www.ebi.ac.uk/ena/browser/view/PRJEB43914","2026-04-02","exclude","not_microbiome_sequencing","Host genomics/genetics/transcriptomics study, not microbiome sequencing","screening_agent","1"
"SCR00348","ena","ENA_Q2","PRJEB73460","Transcriptome study in Sicilian patients with autism spectrum disease","https://www.ebi.ac.uk/ena/browser/view/PRJEB73460","2026-04-02","exclude","not_microbiome_sequencing","Host genomics/genetics/transcriptomics study, not microbiome sequencing","screening_agent","1"
"SCR00349","ena","ENA_Q2","PRJEB81859","WES analysis in 122 Children with ASD","https://www.ebi.ac.uk/ena/browser/view/PRJEB81859","2026-04-02","exclude","not_microbiome_sequencing","Host genomics/genetics/transcriptomics study, not microbiome sequencing","screening_agent","1"
"SCR00350","ena","ENA_Q2","PRJEB83709","YTHDF2 and ASD-DM","https://www.ebi.ac.uk/ena/browser/view/PRJEB83709","2026-04-02","exclude","not_microbiome_sequencing","No evidence of microbiome sequencing in title or description","screening_agent","1"
"SCR00351","ena","ENA_Q2","PRJEB96538","Exploration of homocysteine metabolism and genetics in Autism Spectrum Disorder","https://www.ebi.ac.uk/ena/browser/view/PRJEB96538","2026-04-02","exclude","not_microbiome_sequencing","No evidence of microbiome sequencing in title or description","screening_agent","1"
"SCR00352","ena","ENA_Q2","PRJEB72103","CHD8 haploinsufficiency alters the developmental trajectories of human excitatory and inhibitory neurons linking autism phenotypes with transient cellular defects","https://www.ebi.ac.uk/ena/browser/view/PRJEB72103","2026-04-02","exclude","not_microbiome_sequencing","Host genomics/genetics/transcriptomics study, not microbiome sequencing","screening_agent","1"
"SCR00353","ena","ENA_Q2","PRJNA172039","Sporadic autism exomes reveal a highly interconnected protein network of de novo mutations","https://www.ebi.ac.uk/ena/browser/view/PRJNA172039","2026-04-02","exclude","not_microbiome_sequencing","Host genomics/genetics/transcriptomics study, not microbiome sequencing","screening_agent","1"
"SCR00354","ena","ENA_Q2","PRJNA172040","Sporadic autism exomes reveal a highly interconnected protein network of de novo mutations","https://www.ebi.ac.uk/ena/browser/view/PRJNA172040","2026-04-02","exclude","not_microbiome_sequencing","Host genomics/genetics/transcriptomics study, not microbiome sequencing","screening_agent","1"
"SCR00355","ena","ENA_Q2","PRJNA213481","Genetics of Epilepsy and Cognitive Disorders: Autism Spectrum Disorders Study","https://www.ebi.ac.uk/ena/browser/view/PRJNA213481","2026-04-02","exclude","not_microbiome_sequencing","No evidence of microbiome sequencing in title or description","screening_agent","1"
"SCR00356","ena","ENA_Q2","PRJNA213483","Genetics of Epilepsy and Cognitive Disorders: Autism Spectrum Disorders Study","https://www.ebi.ac.uk/ena/browser/view/PRJNA213483","2026-04-02","exclude","not_microbiome_sequencing","No evidence of microbiome sequencing in title or description","screening_agent","1"
"SCR00357","ena","ENA_Q2","PRJNA1036375","Whole Exome Sequencing on a multiplex family of Indian origin","https://www.ebi.ac.uk/ena/browser/view/PRJNA1036375","2026-04-02","exclude","not_microbiome_sequencing","Host genomics/genetics/transcriptomics study, not microbiome sequencing","screening_agent","1"
"SCR00358","ena","ENA_Q2","PRJNA1071313","Decoding the genetic landscape of autism spectrum disorder in Indian simplex families by Whole Exome Sequencing","https://www.ebi.ac.uk/ena/browser/view/PRJNA1071313","2026-04-02","exclude","not_microbiome_sequencing","Host genomics/genetics/transcriptomics study, not microbiome sequencing","screening_agent","1"
"SCR00359","ena","ENA_Q2","PRJNA1072259","Decoding the genetic landscape of autism spectrum disorder in Indian simplex families by Whole Exome Sequencing","https://www.ebi.ac.uk/ena/browser/view/PRJNA1072259","2026-04-02","exclude","not_microbiome_sequencing","Host genomics/genetics/transcriptomics study, not microbiome sequencing","screening_agent","1"
"SCR00360","ena","ENA_Q2","PRJNA1166212","Genome-wide methylation analysis of post-mortem cerebellum samples supports the role of peroxisomes in autism spectrum disorder","https://www.ebi.ac.uk/ena/browser/view/PRJNA1166212","2026-04-02","exclude","not_microbiome_sequencing","Host genomics/genetics/transcriptomics study, not microbiome sequencing","screening_agent","1"
"SCR00361","ena","ENA_Q2","PRJNA1215382","Optical genome mapping reveals novel structural variations in an autism spectrum disorder cohort","https://www.ebi.ac.uk/ena/browser/view/PRJNA1215382","2026-04-02","exclude","not_microbiome_sequencing","Host genomics/genetics/transcriptomics study, not microbiome sequencing","screening_agent","1"
"SCR00362","ena","ENA_Q2","PRJNA1251848","New Clinical Features and a Novel DCDC2 Variant in Neonatal Sclerosing Cholangitis","https://www.ebi.ac.uk/ena/browser/view/PRJNA1251848","2026-04-02","exclude","not_microbiome_sequencing","No evidence of microbiome sequencing in title or description","screening_agent","1"
"SCR00363","ena","ENA_Q2","PRJNA1047123","A novel autism-associated UBLCP1 mutation impacts proteasome regulation/activity","https://www.ebi.ac.uk/ena/browser/view/PRJNA1047123","2026-04-02","exclude","not_microbiome_sequencing","Host genomics/genetics/transcriptomics study, not microbiome sequencing","screening_agent","1"
"SCR00364","ena","ENA_Q2","PRJDB10614","The Autism-Related Protein CHD8 Contributes to the Stemness and Differentiation of Mouse Hematopoietic Stem Cells","https://www.ebi.ac.uk/ena/browser/view/PRJDB10614","2026-04-02","exclude","non_human","Organism=Mus musculus; animal model study","screening_agent","1"
"SCR00365","ena","ENA_Q2","PRJDB10650","Single cell RNA-sequencing analysis of human neural precursor cell (NPC) organoids with reciprocal 1q21.1 copy number variations (CNVs)","https://www.ebi.ac.uk/ena/browser/view/PRJDB10650","2026-04-02","exclude","not_microbiome_sequencing","Host genomics/genetics/transcriptomics study, not microbiome sequencing","screening_agent","1"
"SCR00366","ena","ENA_Q2","PRJDB11106","Single cell RNA-sequencing analysis of human neuronal cells derived from isogenic human ES cells with 16p11.2 deletion","https://www.ebi.ac.uk/ena/browser/view/PRJDB11106","2026-04-02","exclude","not_microbiome_sequencing","Host genomics/genetics/transcriptomics study, not microbiome sequencing","screening_agent","1"
"SCR00367","ena","ENA_Q2","PRJDB13555","Deletion of autism risk factor Chd8 in postmitotic neurons affects activity-dependent transcriptional responses","https://www.ebi.ac.uk/ena/browser/view/PRJDB13555","2026-04-02","exclude","non_human","Organism=Mus musculus; animal model study","screening_agent","1"
"SCR00368","ena","ENA_Q2","PRJDB13598","Autism in a dish: ES cell models of autism with copy number variations reveal cell-type-specific vulnerability","https://www.ebi.ac.uk/ena/browser/view/PRJDB13598","2026-04-02","exclude","non_human","Organism=Mus musculus; animal model study","screening_agent","1"
"SCR00369","ena","ENA_Q2","PRJDB15535","Loss of early induction of CD11c positive microglia in lipopolysaccharide-induced maternal immune activation model","https://www.ebi.ac.uk/ena/browser/view/PRJDB15535","2026-04-02","exclude","non_human","Organism=Mus musculus; animal model study","screening_agent","1"
"SCR00370","ena","ENA_Q2","PRJDB17034","AUTS2 is required for neuron production in developing cerebral cortex (RNA-seq)","https://www.ebi.ac.uk/ena/browser/view/PRJDB17034","2026-04-02","exclude","non_human","Organism=Mus musculus; animal model study","screening_agent","1"
"SCR00371","ena","ENA_Q2","PRJDB17038","AUTS2 is required for neuron production in developing cerebral cortex (CUT&Tag)","https://www.ebi.ac.uk/ena/browser/view/PRJDB17038","2026-04-02","exclude","non_human","Organism=Mus musculus; animal model study","screening_agent","1"
"SCR00372","ena","ENA_Q2","PRJDB29025","Aging-induced changes in sperm DNA methylation contribute to abnormal social behavior in offspring","https://www.ebi.ac.uk/ena/browser/view/PRJDB29025","2026-04-02","exclude","non_human","Organism=Mus musculus; animal model study","screening_agent","1"
"SCR00373","ena","ENA_Q2","PRJDB3558","CHD8 haploinsufficiency results in delayed neurodevelopment and autistic-like phenotypes in mice","https://www.ebi.ac.uk/ena/browser/view/PRJDB3558","2026-04-02","exclude","non_human","Organism=Mus musculus; animal model study","screening_agent","1"
"SCR00374","ena","ENA_Q2","PRJDB3603","Mice containing a human chromosome 15 (Tc15 mice) model behavioral impairment","https://www.ebi.ac.uk/ena/browser/view/PRJDB3603","2026-04-02","exclude","non_human","Organism=Mus musculus; animal model study","screening_agent","1"
"SCR00375","ena","ENA_Q2","PRJDB4619","Target resequencing of neurodevelopmental-related genes","https://www.ebi.ac.uk/ena/browser/view/PRJDB4619","2026-04-02","exclude","not_microbiome_sequencing","No evidence of microbiome sequencing in title or description","screening_agent","1"
"SCR00376","ena","ENA_Q2","PRJDB5424","Histone modification analysis for ASD model mice with CHD8 mutation","https://www.ebi.ac.uk/ena/browser/view/PRJDB5424","2026-04-02","exclude","non_human","Organism=Mus musculus; animal model study","screening_agent","1"
"SCR00377","ena","ENA_Q2","PRJDB5629","Hyper-activation of nonsense-mediated mRNA decay in fragile X mental retardation syndrome","https://www.ebi.ac.uk/ena/browser/view/PRJDB5629","2026-04-02","exclude","not_asd","Fragile X syndrome genetic study; autism mentioned as association","screening_agent","1"
"SCR00378","ena","ENA_Q2","PRJDB5953","Whole-brain mRNA expression profiles in autism risk gene hetero KO mouse","https://www.ebi.ac.uk/ena/browser/view/PRJDB5953","2026-04-02","exclude","non_human","Organism=Mus musculus; animal model study","screening_agent","1"
"SCR00379","ena","ENA_Q2","PRJDB6859","The Autism-Related Protein CHD8 Cooperates with C/EBPb to Regulate Adipogenesis","https://www.ebi.ac.uk/ena/browser/view/PRJDB6859","2026-04-02","exclude","non_human","Organism=Mus musculus; animal model study","screening_agent","1"
"SCR00380","ena","ENA_Q2","PRJDB9533","The Autism-Related Protein SETD5 Controls Neural Cell Proliferation Through Epigenetic Regulation of rDNA Expression","https://www.ebi.ac.uk/ena/browser/view/PRJDB9533","2026-04-02","exclude","non_human","Organism=Mus musculus; animal model study","screening_agent","1"
"SCR00381","ena","ENA_Q2","PRJEB12581","Transgenerational transmission and modification of pathological traits induced by prenatal immune activation","https://www.ebi.ac.uk/ena/browser/view/PRJEB12581","2026-04-02","exclude","not_asd","No explicit ASD/autism phenotype in title or description","screening_agent","1"
"SCR00382","ena","ENA_Q2","PRJEB35773","DLG2 knockout reveals early neurodevelopmental transcriptional programs disrupted in schizophrenia and a wide spectrum of related disorders","https://www.ebi.ac.uk/ena/browser/view/PRJEB35773","2026-04-02","exclude","not_microbiome_sequencing","No evidence of microbiome sequencing in title or description","screening_agent","1"
"SCR00383","ena","ENA_Q2","PRJEB35852","DNA-methylation changes in the brain and fixation of alleles between chicken lineages due to the selection on two extremes of a maladaptive behaviour","https://www.ebi.ac.uk/ena/browser/view/PRJEB35852","2026-04-02","exclude","not_asd","No explicit ASD/autism phenotype in title or description","screening_agent","1"
"SCR00384","ena","ENA_Q2","PRJEB34880","PTEN_loss_in_Murine_Tumours___WES","https://www.ebi.ac.uk/ena/browser/view/PRJEB34880","2026-04-02","exclude","not_microbiome_sequencing","No evidence of microbiome sequencing in title or description","screening_agent","1"
"SCR00385","ena","ENA_Q2","PRJEB36032","PTEN_loss_in_Murine_Tumours___TGS","https://www.ebi.ac.uk/ena/browser/view/PRJEB36032","2026-04-02","exclude","not_microbiome_sequencing","No evidence of microbiome sequencing in title or description","screening_agent","1"
"SCR00386","ena","ENA_Q2","PRJEB36527","Effect of Tcf7l2 Knockout in the development and identity of Mouse brain Thalamus at embryonic stage E18.5 and P60","https://www.ebi.ac.uk/ena/browser/view/PRJEB36527","2026-04-02","exclude","not_microbiome_sequencing","No evidence of microbiome sequencing in title or description","screening_agent","1"
"SCR00387","ena","ENA_Q2","PRJEB42907","UNIQUE GENOME VARIANTS IN CONGENITAL NEURODEVELOPMENTAL DISORDERS","https://www.ebi.ac.uk/ena/browser/view/PRJEB42907","2026-04-02","exclude","not_asd","General neurodevelopmental disorders study; ASD not primary focus","screening_agent","1"
"SCR00388","ena","ENA_Q2","PRJEB46128","KMT2D haploinsufficiency in Kabuki Syndrome disrupts neuronal function through transcriptional and chromatin rewiring","https://www.ebi.ac.uk/ena/browser/view/PRJEB46128","2026-04-02","exclude","not_microbiome_sequencing","Host genomics/genetics/transcriptomics study, not microbiome sequencing","screening_agent","1"
"SCR00389","ena","ENA_Q2","PRJEB46758","Single cell transcriptome analysis of the effect of the 16p11.2 microdeletion on hIPSC derived developing human GABAergic neurons","https://www.ebi.ac.uk/ena/browser/view/PRJEB46758","2026-04-02","exclude","not_microbiome_sequencing","Host genomics/genetics/transcriptomics study, not microbiome sequencing","screening_agent","1"
"SCR00390","ena","ENA_Q2","PRJEB63149","RNA Targets and Function of Topoisomerase 3beta in Reducing Stress in Neuronal Physiology","https://www.ebi.ac.uk/ena/browser/view/PRJEB63149","2026-04-02","exclude","not_microbiome_sequencing","No evidence of microbiome sequencing in title or description","screening_agent","1"
"SCR00391","ena","ENA_Q2","PRJEB71500","Capture Hi-C (HiCap) experiments performed on LUHMES cell line","https://www.ebi.ac.uk/ena/browser/view/PRJEB71500","2026-04-02","exclude","not_microbiome_sequencing","Host genomics/genetics/transcriptomics study, not microbiome sequencing","screening_agent","1"
"SCR00392","ena","ENA_Q2","PRJEB82459","Phenotypic manifestations of a new variant in HDAC4 gene","https://www.ebi.ac.uk/ena/browser/view/PRJEB82459","2026-04-02","exclude","not_microbiome_sequencing","No evidence of microbiome sequencing in title or description","screening_agent","1"
"SCR00393","ena","ENA_Q2","PRJNA184348","Human lymphoblastoid cell lines: controls vs. patients with autism","https://www.ebi.ac.uk/ena/browser/view/PRJNA184348","2026-04-02","exclude","not_microbiome_sequencing","Host genomics/genetics/transcriptomics study, not microbiome sequencing","screening_agent","1"
"SCR00394","ena","ENA_Q2","PRJNA202963","Epigenetic Marks as Peripheral Biomarkers of Autism","https://www.ebi.ac.uk/ena/browser/view/PRJNA202963","2026-04-02","exclude","not_microbiome_sequencing","Host genomics/genetics/transcriptomics study, not microbiome sequencing","screening_agent","1"
"SCR00395","ena","ENA_Q2","PRJNA202964","Epigenetic Marks as Peripheral Biomarkers of Autism","https://www.ebi.ac.uk/ena/browser/view/PRJNA202964","2026-04-02","exclude","not_microbiome_sequencing","Host genomics/genetics/transcriptomics study, not microbiome sequencing","screening_agent","1"
"SCR00396","ena","ENA_Q2","PRJNA203309","RNA-Seq studies of Gene Expression in Cells and Networks in FI and ACC in Autism","https://www.ebi.ac.uk/ena/browser/view/PRJNA203309","2026-04-02","exclude","not_microbiome_sequencing","Host genomics/genetics/transcriptomics study, not microbiome sequencing","screening_agent","1"
"SCR00397","ena","ENA_Q2","PRJNA203311","RNA-Seq studies of Gene Expression in Cells and Networks in FI and ACC in Autism","https://www.ebi.ac.uk/ena/browser/view/PRJNA203311","2026-04-02","exclude","not_microbiome_sequencing","Host genomics/genetics/transcriptomics study, not microbiome sequencing","screening_agent","1"
"SCR00398","ena","ENA_Q2","PRJNA1033587","Implications of Prenatal Exposure to Hyperandrogen for Hippocampal Neurodevelopment and Autism-like Behavior in Offspring","https://www.ebi.ac.uk/ena/browser/view/PRJNA1033587","2026-04-02","exclude","non_human","Organism=Mus musculus; animal model study","screening_agent","1"
"SCR00399","ena","ENA_Q2","PRJNA1040287","The deletion of the Williams-Beuren Syndrome critical region dysregulate the expression of miR379-410 miRNA members in human isogenic iNeurons","https://www.ebi.ac.uk/ena/browser/view/PRJNA1040287","2026-04-02","exclude","not_microbiome_sequencing","No evidence of microbiome sequencing in title or description","screening_agent","1"
"SCR00400","ena","ENA_Q2","PRJNA1053783","Autism genes converge on microtubule biology and RNA-binding proteins during excitatory neurogenesis","https://www.ebi.ac.uk/ena/browser/view/PRJNA1053783","2026-04-02","exclude","not_microbiome_sequencing","No evidence of microbiome sequencing in title or description","screening_agent","1"
"SCR00401","ena","ENA_Q2","PRJNA1053832","Single cell RNA sequencing of dentate gyrus of conditional Arid1b deletion mouse","https://www.ebi.ac.uk/ena/browser/view/PRJNA1053832","2026-04-02","exclude","non_human","Organism=Mus musculus; animal model study","screening_agent","1"
"SCR00402","ena","ENA_Q2","PRJNA1053858","CUT&RUN seq of conditional Arid1b deletion mouse","https://www.ebi.ac.uk/ena/browser/view/PRJNA1053858","2026-04-02","exclude","non_human","Organism=Mus musculus; animal model study","screening_agent","1"
"SCR00403","ena","ENA_Q2","PRJNA1063574","Mus musculus Raw sequence reads","https://www.ebi.ac.uk/ena/browser/view/PRJNA1063574","2026-04-02","exclude","non_human","Organism=Mus musculus; animal model study","screening_agent","1"
"SCR00404","ena","ENA_Q2","PRJNA1067842","Fecal samples from vlbwi and preterm infants","https://www.ebi.ac.uk/ena/browser/view/PRJNA1067842","2026-04-02","exclude","not_microbiome_sequencing","No evidence of microbiome sequencing in title or description","screening_agent","1"
"SCR00405","ena","ENA_Q2","PRJNA1078417","Autism patient derived SHANK2BY29X mutation affects ALDH1A1 negative dopamine neuron development","https://www.ebi.ac.uk/ena/browser/view/PRJNA1078417","2026-04-02","exclude","not_microbiome_sequencing","No evidence of microbiome sequencing in title or description","screening_agent","1"
"SCR00406","ena","ENA_Q2","PRJNA1089791","Phenome of families with autism and epilepsy","https://www.ebi.ac.uk/ena/browser/view/PRJNA1089791","2026-04-02","exclude","not_microbiome_sequencing","No evidence of microbiome sequencing in title or description","screening_agent","1"
"SCR00407","ena","ENA_Q2","PRJNA1182679","SINEUP RNA rescues molecular phenotypes associated with CHD8 suppression in Autism Spectrum Disorder model systems","https://www.ebi.ac.uk/ena/browser/view/PRJNA1182679","2026-04-02","exclude","not_microbiome_sequencing","No evidence of microbiome sequencing in title or description","screening_agent","1"
"SCR00408","ena","ENA_Q2","PRJNA1183308","De novo structural variants in autism spectrum disorder disrupt distal regulatory interactions of neuronal genes [Hi-C]","https://www.ebi.ac.uk/ena/browser/view/PRJNA1183308","2026-04-02","exclude","not_microbiome_sequencing","Host genomics/genetics/transcriptomics study, not microbiome sequencing","screening_agent","1"
"SCR00409","ena","ENA_Q2","PRJNA1183382","De novo structural variants in autism spectrum disorder disrupt distal regulatory interactions of neuronal genes [RNA-Seq]","https://www.ebi.ac.uk/ena/browser/view/PRJNA1183382","2026-04-02","exclude","not_microbiome_sequencing","Host genomics/genetics/transcriptomics study, not microbiome sequencing","screening_agent","1"
"SCR00410","ena","ENA_Q2","PRJNA1214277","Cerebellar microglia-derived IL-17A compensates for autism-related deficits [purified cerebellar microglia]","https://www.ebi.ac.uk/ena/browser/view/PRJNA1214277","2026-04-02","exclude","non_human","Organism=Mus musculus; animal model study","screening_agent","1"
"SCR00411","ena","ENA_Q2","PRJNA1214348","Cerebellar microglia-derived IL-17A compensates for autism-related deficits [cerebellar crus 1]","https://www.ebi.ac.uk/ena/browser/view/PRJNA1214348","2026-04-02","exclude","non_human","Organism=Mus musculus; animal model study","screening_agent","1"
"SCR00412","ena","ENA_Q2","PRJNA1216729","Gestational diabetes (GDM), autism, Neurodevelopment, GABA, Behavior","https://www.ebi.ac.uk/ena/browser/view/PRJNA1216729","2026-04-02","exclude","not_microbiome_sequencing","No evidence of microbiome sequencing in title or description","screening_agent","1"
"SCR00413","ena","ENA_Q2","PRJNA1237697","Targeting Notch Signaling to Restore Neural Development and Behavior in Autism","https://www.ebi.ac.uk/ena/browser/view/PRJNA1237697","2026-04-02","exclude","non_human","Organism=Mus musculus; animal model study","screening_agent","1"
"SCR00414","ena","ENA_Q2","PRJNA1237906","Histone H1 Variants Regulate Neurodevelopmental Transcriptional Programs in Autism and Schizophrenia with 16p11.2 CNV","https://www.ebi.ac.uk/ena/browser/view/PRJNA1237906","2026-04-02","exclude","not_microbiome_sequencing","Host genomics/genetics/transcriptomics study, not microbiome sequencing","screening_agent","1"
"SCR00415","ena","ENA_Q2","PRJNA1246357","AST-001-induced therapeutic effects via miRNA modulation of key genes in Autism Spectrum Disorder (ASD)","https://www.ebi.ac.uk/ena/browser/view/PRJNA1246357","2026-04-02","exclude","not_microbiome_sequencing","No evidence of microbiome sequencing in title or description","screening_agent","1"
"SCR00416","ena","ENA_Q2","PRJNA1277796","Treg Cells Modulate Neuroinflammation and Behavioral Deficits in Autism","https://www.ebi.ac.uk/ena/browser/view/PRJNA1277796","2026-04-02","exclude","not_microbiome_sequencing","No evidence of microbiome sequencing in title or description","screening_agent","1"
"SCR00417","ena","ENA_Q2","PRJNA1280917","Parental preconceptual alpha-cypermethrin exposure alters embryonic brain transcriptomics in mice: implications for autism spectrum disorder","https://www.ebi.ac.uk/ena/browser/view/PRJNA1280917","2026-04-02","exclude","non_human","Organism=Mus musculus; animal model study","screening_agent","1"
"SCR00418","ena","ENA_Q2","PRJNA1299431","Elucidating the role of DEAF1 in neurodevelopment and shared molecular pathways in high-risk autism genes using cortical organoids","https://www.ebi.ac.uk/ena/browser/view/PRJNA1299431","2026-04-02","exclude","not_microbiome_sequencing","Host genomics/genetics/transcriptomics study, not microbiome sequencing","screening_agent","1"
"SCR00419","ena","ENA_Q2","PRJNA1304044","CELF2 Deficiency Demonstrates Autism-like Behaviors and Interferes with Late Development of Cortical Neurons in Mice","https://www.ebi.ac.uk/ena/browser/view/PRJNA1304044","2026-04-02","exclude","non_human","Animal model study based on title/description","screening_agent","1"
"SCR00420","ena","ENA_Q2","PRJNA1314090","Transcriptional and epigenetic targets of MEF2C in human microglia contribute to cellular functions related to autism risk and age-related disease","https://www.ebi.ac.uk/ena/browser/view/PRJNA1314090","2026-04-02","exclude","not_microbiome_sequencing","Host genomics/genetics/transcriptomics study, not microbiome sequencing","screening_agent","1"
"SCR00421","ena","ENA_Q2","PRJNA1314102","Transcriptional and epigenetic targets of MEF2C in human microglia [ChIP-Seq]","https://www.ebi.ac.uk/ena/browser/view/PRJNA1314102","2026-04-02","exclude","not_microbiome_sequencing","Host genomics/genetics/transcriptomics study, not microbiome sequencing","screening_agent","1"
"SCR00422","ena","ENA_Q2","PRJNA1314104","Transcriptional and epigenetic targets of MEF2C in human microglia [ATAC-Seq]","https://www.ebi.ac.uk/ena/browser/view/PRJNA1314104","2026-04-02","exclude","not_microbiome_sequencing","Host genomics/genetics/transcriptomics study, not microbiome sequencing","screening_agent","1"
"SCR00423","ena","ENA_Q2","PRJNA1314106","Transcriptional and epigenetic targets of MEF2C in human microglia [monocytes]","https://www.ebi.ac.uk/ena/browser/view/PRJNA1314106","2026-04-02","exclude","not_microbiome_sequencing","Host genomics/genetics/transcriptomics study, not microbiome sequencing","screening_agent","1"
"SCR00424","ena","ENA_Q2","PRJNA1366430","PTEN variant and genetic backgrounds combine to modify cerebellar neuronal differentiation in autism spectrum disorder","https://www.ebi.ac.uk/ena/browser/view/PRJNA1366430","2026-04-02","exclude","not_microbiome_sequencing","Host genomics/genetics/transcriptomics study, not microbiome sequencing","screening_agent","1"
"SCR00425","ena","ENA_Q2","PRJNA1379528","Fluconazole reverses SHANK3-related autism-like deficits via lipid raft-driven IGF1R activation and prefrontal circuit remodeling","https://www.ebi.ac.uk/ena/browser/view/PRJNA1379528","2026-04-02","exclude","non_human","Organism=Mus musculus; animal model study","screening_agent","1"
"SCR00426","ena","ENA_Q2","PRJNA1405464","Autism-like phenotypes and increased NMDAR2D expression in mice with KDM5B histone lysine demethylase deficiency [CUT&Tag]","https://www.ebi.ac.uk/ena/browser/view/PRJNA1405464","2026-04-02","exclude","non_human","Organism=Mus musculus; animal model study","screening_agent","1"
"SCR00427","geo","GEO_Q1","GSE312570","Primate gut microbiota induce evolutionarily salient changes in mouse neurodevelopment","https://www.ncbi.nlm.nih.gov/geo/query/acc.cgi?acc=GSE312570","2026-04-02","exclude","non_human","Organism=Mus musculus; animal model study","screening_agent","1"
"SCR00428","geo","GEO_Q2","GSE312570","Primate gut microbiota induce evolutionarily salient changes in mouse neurodevelopment","https://www.ncbi.nlm.nih.gov/geo/query/acc.cgi?acc=GSE312570","2026-04-02","exclude","duplicate_dataset","Duplicate of GSE312570 first seen in geo (screening_id=SCR00427)","screening_agent","1"
"SCR00429","geo","GEO_Q1","GSE244391","Bacteroides is increased in an autism cohort and induces autismrelevant behavioral changes in mice in a sex-dependent manner","https://www.ncbi.nlm.nih.gov/geo/query/acc.cgi?acc=GSE244391","2026-04-02","exclude","duplicate_dataset","GEO GSE244391 maps to PRJNA1022510, already screened in bioproject (screening_id=SCR00061)","screening_agent","1"
"SCR00430","geo","GEO_Q2","GSE244391","Bacteroides is increased in an autism cohort and induces autismrelevant behavioral changes in mice in a sex-dependent manner","https://www.ncbi.nlm.nih.gov/geo/query/acc.cgi?acc=GSE244391","2026-04-02","exclude","duplicate_dataset","GEO GSE244391 maps to PRJNA1022510, already screened in bioproject (screening_id=SCR00061)","screening_agent","1"
"SCR00431","geo","GEO_Q1","GSE225983","Acetate supplementation rescues social deficits and alters transcriptional regulation in prefrontal cortex of  Shank3  deficient mice","https://www.ncbi.nlm.nih.gov/geo/query/acc.cgi?acc=GSE225983","2026-04-02","exclude","non_human","Organism=Mus musculus; animal model study","screening_agent","1"
"SCR00432","geo","GEO_Q1","GSE197618","A common epigenetic mechanism across different cellular origins underlies systemic immune dysregulation in an idiopathic autism mouse model","https://www.ncbi.nlm.nih.gov/geo/query/acc.cgi?acc=GSE197618","2026-04-02","exclude","non_human","Organism=Mus musculus; animal model study","screening_agent","1"
"SCR00433","geo","GEO_Q1","GSE198199","Analysis of small ncRNAs in stool samples from ASD patients","https://www.ncbi.nlm.nih.gov/geo/query/acc.cgi?acc=GSE198199","2026-04-02","exclude","duplicate_dataset","GEO GSE198199 maps to PRJNA814201, already screened in bioproject (screening_id=SCR00095)","screening_agent","1"
"SCR00434","geo","GEO_Q2","GSE198199","Analysis of small ncRNAs in stool samples from ASD patients","https://www.ncbi.nlm.nih.gov/geo/query/acc.cgi?acc=GSE198199","2026-04-02","exclude","duplicate_dataset","GEO GSE198199 maps to PRJNA814201, already screened in bioproject (screening_id=SCR00095)","screening_agent","1"
"SCR00435","geo","GEO_Q1","GSE167014","Novel ADNP syndrome mice reveal dramatic sex-specific peripheral gene expression with brain synaptic and Tau pathologies.","https://www.ncbi.nlm.nih.gov/geo/query/acc.cgi?acc=GSE167014","2026-04-02","exclude","non_human","Organism=Mus musculus; animal model study","screening_agent","1"
"SCR00436","geo","GEO_Q1","GSE113701","Metagenomic sequencing and 16S rRNA sequence of gut microbiota associated with autism spectrum disorders patients","https://www.ncbi.nlm.nih.gov/geo/query/acc.cgi?acc=GSE113701","2026-04-02","exclude","duplicate_dataset","GEO GSE113701 maps to PRJNA453840, already screened in bioproject (screening_id=SCR00152)","screening_agent","1"
"SCR00437","geo","GEO_Q2","GSE113701","Metagenomic sequencing and 16S rRNA sequence of gut microbiota associated with autism spectrum disorders patients","https://www.ncbi.nlm.nih.gov/geo/query/acc.cgi?acc=GSE113701","2026-04-02","exclude","duplicate_dataset","GEO GSE113701 maps to PRJNA453840, already screened in bioproject (screening_id=SCR00152)","screening_agent","1"
"SCR00438","geo","GEO_Q1","GSE113690","Gut microbiota analysis associated with autism spectrum disorders [16S rRNA]","https://www.ncbi.nlm.nih.gov/geo/query/acc.cgi?acc=GSE113690","2026-04-02","exclude","duplicate_dataset","GEO GSE113690 maps to PRJNA453621, already screened in bioproject (screening_id=SCR00153)","screening_agent","1"
"SCR00439","geo","GEO_Q2","GSE113690","Gut microbiota analysis associated with autism spectrum disorders [16S rRNA]","https://www.ncbi.nlm.nih.gov/geo/query/acc.cgi?acc=GSE113690","2026-04-02","exclude","duplicate_dataset","GEO GSE113690 maps to PRJNA453621, already screened in bioproject (screening_id=SCR00153)","screening_agent","1"
"SCR00440","geo","GEO_Q1","GSE113540","Metagenomic sequencing of gut microbiota associated with autism spectrum disorders patients","https://www.ncbi.nlm.nih.gov/geo/query/acc.cgi?acc=GSE113540","2026-04-02","exclude","duplicate_dataset","GEO GSE113540 maps to PRJNA451479, already screened in bioproject (screening_id=SCR00154)","screening_agent","1"
"SCR00441","geo","GEO_Q2","GSE113540","Metagenomic sequencing of gut microbiota associated with autism spectrum disorders patients","https://www.ncbi.nlm.nih.gov/geo/query/acc.cgi?acc=GSE113540","2026-04-02","exclude","duplicate_dataset","GEO GSE113540 maps to PRJNA451479, already screened in bioproject (screening_id=SCR00154)","screening_agent","1"
"SCR00442","geo","GEO_Q1","GSE147261","Meningeal gd T cells regulate anxiety like behaviors via Il17a signaling on Neurons (PFC neurons)","https://www.ncbi.nlm.nih.gov/geo/query/acc.cgi?acc=GSE147261","2026-04-02","exclude","non_human","Organism=Mus musculus; animal model study","screening_agent","1"
"SCR00443","geo","GEO_Q1","GSE147260","Meningeal gd T cells regulate anxiety like behaviors via Il17a signaling on Neurons (DG neurons)","https://www.ncbi.nlm.nih.gov/geo/query/acc.cgi?acc=GSE147260","2026-04-02","exclude","non_human","Organism=Mus musculus; animal model study","screening_agent","1"
"SCR00444","geo","GEO_Q2","GSE109827","Gut Microbiota from Human Autism Spectrum Disorder Induces Behavioral Deficits in Mice","https://www.ncbi.nlm.nih.gov/geo/query/acc.cgi?acc=GSE109827","2026-04-02","exclude","non_human","Organism=Mus musculus; animal model study","screening_agent","1"
"SCR00445","geo","GEO_Q1","GSE56516","Gut microbiome metabolites alter genomic networks in PC12 cells relevant to autism spectrum diorders","https://www.ncbi.nlm.nih.gov/geo/query/acc.cgi?acc=GSE56516","2026-04-02","exclude","non_human","Organism=Rattus norvegicus; animal model study","screening_agent","1"
"SCR00446","mgnify","MG_Q1","MGYS00000596","American Gut Project","https://www.ebi.ac.uk/metagenomics/studies/MGYS00000596","2026-04-02","exclude","duplicate_dataset","MGnify MGYS00000596 maps to PRJEB11419, already screened (screening_id=SCR00168)","screening_agent","1"
"SCR00447","mgnify","MG_Q1","MGYS00006102","EMG produced TPA metagenomics assembly of PRJEB44042 data set (Kefir ameliorates specific microbiota-gut-brain axis impairments in a mouse model relevant to autism spectrum disorder).","https://www.ebi.ac.uk/metagenomics/studies/MGYS00006102","2026-04-02","exclude","non_human","Organism=Mus musculus; animal model study","screening_agent","1"
"SCR00448","mgnify","MG_Q2","MGYS00002238","Oral microbial changes in ASD children","https://www.ebi.ac.uk/metagenomics/studies/MGYS00002238","2026-04-02","exclude","duplicate_dataset","MGnify MGYS00002238 maps to PRJNA362687, already screened (screening_id=SCR00163)","screening_agent","1"
"SCR00449","qiita","QI_Q1","10532","Microbiota Transfer Therapy alters gut ecosystem and improves gastrointestinal and autism symptoms: an open-label study","https://qiita.ucsd.edu/public/?study_id=10532","2026-04-02","exclude","duplicate_dataset","Qiita 10532 maps to PRJNA529598, already screened (screening_id=SCR00231)","screening_agent","1"
"SCR00450","qiita","QI_Q1","11169","Differences in fecal microbial metabolites and microbiota of children with autism spectrum disorders","https://qiita.ucsd.edu/public/?study_id=11169","2026-04-02","include","","","screening_agent","1"
"SCR00451","qiita","QI_Q1","10317","American Gut Project","https://qiita.ucsd.edu/public/?study_id=10317","2026-04-02","exclude","duplicate_dataset","Qiita 10317 maps to PRJEB11419, already screened (screening_id=SCR00168)","screening_agent","1"
"SCR00452","qiita","QI_Q2","10532","Microbiota Transfer Therapy alters gut ecosystem and improves gastrointestinal and autism symptoms: an open-label study","https://qiita.ucsd.edu/public/?study_id=10532","2026-04-02","exclude","duplicate_dataset","Qiita 10532 maps to PRJNA529598, already screened (screening_id=SCR00231)","screening_agent","1"
"SCR00453","qiita","QI_Q2","11169","Differences in fecal microbial metabolites and microbiota of children with autism spectrum disorders","https://qiita.ucsd.edu/public/?study_id=11169","2026-04-02","exclude","duplicate_dataset","Duplicate of 11169 first seen in qiita (screening_id=SCR00450)","screening_agent","1"
"SCR00454","qiita","QI_Q2","10317","American Gut Project","https://qiita.ucsd.edu/public/?study_id=10317","2026-04-02","exclude","duplicate_dataset","Qiita 10317 maps to PRJEB11419, already screened (screening_id=SCR00168)","screening_agent","1"
